subject,condition,engagement,alpha_gating,phase_organization,spatial_selectivity,asi_eeg,asi_projected,relay_effective_span,probability_high
1,high,0.5945732177143355,0.3273286666786942,0.34406305927817504,0.1970226955166391,0.3961124838603144,0.28472901178274945,9.443774634051636,0.6070989650895258
1,rest,0.5000000000000001,0.5,0.5,0.49999999999999994,0.5225904579846139,0.39823898745259717,12.117714481247576,0.3030069482650621
2,high,0.6773241063465084,0.7240694770050643,0.5800526326476051,0.8671709929393907,0.6930687077943243,0.5527122093069083,12.53892785759566,0.4995505701300942
2,rest,0.5000000000000001,0.5,0.5,0.5,0.5248189299384282,0.3957175303808008,12.872801254584557,0.24310954798864953
3,high,0.6836090092202116,0.9223295665070725,0.42356636141145276,0.6740869276535029,0.6680916680679816,0.5531585889899314,11.996747281202923,0.8915613321703326
3,rest,0.4999999999999999,0.5,0.5,0.5,0.5297229098817094,0.3994335634410999,12.501096531713172,0.24990786024532027
4,high,0.5526558368563148,0.45574146982118646,0.5172124875155915,0.4144139204236656,0.4715453196017544,0.3508085059231072,11.962562125778636,0.4876387836867538
4,rest,0.5,0.5,0.4999999999999999,0.5,0.5049840148171283,0.3815454094376589,12.297249827431006,0.2657864764558092
5,high,0.9376353560797341,0.29393166924367364,0.4700801804611252,0.7995978332069007,0.6123496019046832,0.5165822541934598,11.32051186288504,0.5917986055367886
5,rest,0.5,0.4999999999999999,0.4999999999999999,0.5,0.5071896953898963,0.35673159721762004,13.038386902621195,0.30240539682547607
6,high,0.5192640407414113,0.548745565225962,0.48210436602933193,0.8577639467409577,0.6032213454238489,0.4935917028590374,10.635006259876404,0.5413075767213364
6,rest,0.5,0.5000000000000002,0.5,0.49999999999999994,0.520879278907239,0.38697735068077166,11.799984645192358,0.3359049260879388
7,high,0.37858416420724106,0.7969538365497251,0.5325646079430473,0.14002326685444988,0.47146425916034995,0.38105552684295935,9.025509341651679,0.8573219964140266
7,rest,0.5,0.4999999999999999,0.5,0.5,0.48744312766701425,0.3655242403754849,10.924074839991844,0.4548332588463224
8,high,0.16821461716479003,0.7328649569950201,0.6329732012876061,0.6549671657081222,0.5551249868404757,0.43766777508268057,11.687803146436067,0.7813984111078773
8,rest,0.5,0.5,0.5000000000000001,0.5,0.5348561400231615,0.38535757268501336,12.408753809013893,0.3139443599369611
9,high,0.7300647787286292,0.9393671108549106,0.45128755317957536,0.3111133538627885,0.611272237810929,0.5070480987560668,9.772056455083655,0.9235701319942935
9,rest,0.5000000000000001,0.5,0.5000000000000002,0.5,0.516629989102795,0.39271340605452465,11.896077181677429,0.4480516456511768
10,high,0.374794239763222,0.9001466962549787,0.5665136707010395,0.6870026652954427,0.6227061755727457,0.5263565200063814,9.341736062889332,0.7824030256338289
10,rest,0.4999999999999999,0.4999999999999999,0.5,0.5,0.5263327731958936,0.4277920195503938,11.768839795725384,0.35477061003115723
11,high,0.6259796526412157,0.7603980346647445,0.44800356921489937,0.9961573284575694,0.6983243334786536,0.582338175751922,10.884566783352257,0.5924425695544161
11,rest,0.5,0.5,0.5,0.5,0.4656438319393999,0.351119144997789,12.124446614488347,0.3094371309308284
12,high,0.2710017744040854,0.9294765498470792,0.45366683720102474,0.33576861698093863,0.5043076632304346,0.39581576936388807,10.060811740601661,0.8753994257236773
12,rest,0.49999999999999994,0.5,0.5,0.4999999999999999,0.5212931507741598,0.4090150533944699,11.532469346707176,0.34011088566237446
13,high,0.6338280901232862,0.7579017523858413,0.447604929323291,0.26068494410439014,0.5124247322137104,0.4275769793240683,10.105900264526724,0.6746773848670762
13,rest,0.5,0.5,0.4999999999999999,0.5,0.5273807317540922,0.41990503004264007,11.863957559776491,0.3415689325369675
14,high,0.7201390804936055,0.24289742457855817,0.5075813727174504,0.9528834574066953,0.5886023366821331,0.4973801282272454,10.014703125775815,0.4703414330316267
14,rest,0.5,0.4999999999999999,0.49999999999999994,0.5,0.5257363012163274,0.38484806242472364,13.182767696983902,0.24298723674228392
15,high,0.5992998397490663,0.42811036862640606,0.3949830463292532,0.3206883825775406,0.46944416220854,0.35542694712884915,11.573028251830449,0.3414633774629113
15,rest,0.5,0.5,0.4999999999999999,0.5,0.5059172161876726,0.3759151812833097,12.344824792484536,0.33418475086354316
16,high,0.7526232460335778,0.616748743559861,0.4150386785349759,0.46260220259251816,0.5558885165234666,0.4143313206836644,12.291898272817061,0.5512671400149769
16,rest,0.5000000000000001,0.49999999999999994,0.4999999999999999,0.5,0.5309347480427848,0.3834710866690183,12.879635067994935,0.29883294863720666
17,high,0.6574415456247069,0.7665742569194592,0.39886573737923203,0.4263226311428094,0.5524123095456486,0.4594534302004838,10.430429123495173,0.6308705118154069
17,rest,0.5,0.5,0.4999999999999999,0.5,0.4947348063011411,0.3968716910796251,11.025467823822138,0.4193326172122562
18,high,0.17752677591056687,0.7934604631172881,0.40540989316835896,0.7308692351730356,0.5320825799250688,0.45866402061328104,10.204488035590115,0.7548933076245633
18,rest,0.5,0.5,0.5,0.5,0.5130414761772808,0.38305768500237036,12.076301629946476,0.3017004876894274
19,high,0.5206550217993074,0.8117152434627641,0.4976168504361042,0.8253488510056971,0.6348815253905669,0.5100684735440539,11.30116008418252,0.7854771517460898
19,rest,0.5,0.5,0.5,0.5,0.5148032248645442,0.3783223149041478,12.209848506143517,0.3538726900711512
20,high,0.19704217226102563,0.4454573202506202,0.4571690196560859,0.553734190182037,0.4373069043823349,0.3047511250336311,9.557071552271802,0.5542870261108953
20,rest,0.5,0.4999999999999998,0.5,0.5,0.5066187929976484,0.36719267535269856,11.419540772334907,0.36286320625106094
21,high,0.20736229166898537,0.3339123429853525,0.5147600750229182,0.5799051087271816,0.42946853336104357,0.3417409889500344,9.571367530787043,0.7300211874855491
21,rest,0.5,0.5,0.5,0.5,0.5286950941498966,0.3752657200858293,12.303782853495344,0.33766220066926905
22,high,0.8797341922336309,0.9323976141511172,0.46891044674491283,0.44885703822312534,0.6642933914313893,0.5733722753195188,8.108764267311505,0.9819285392857677
22,rest,0.5000000000000002,0.5,0.5000000000000001,0.5,0.515190668414419,0.4046508053087755,10.9268316201496,0.38739142256743725
23,high,0.12136599788607146,0.7249500244480609,0.4773561381400039,0.7754750312873787,0.5194495290132536,0.4189801738426906,8.525507314486038,0.7082086218485005
23,rest,0.5,0.49999999999999983,0.5,0.5,0.4960818586402783,0.3889713244099938,11.76274872787717,0.34052196662051265
24,high,0.48920273917665097,0.8858108648497316,0.43961463204042506,0.440304955063363,0.5698659496972823,0.44529610698032107,11.481249473724507,0.8614063569197735
24,rest,0.5,0.5,0.49999999999999994,0.5,0.506516720380535,0.369563643958875,11.778870566631861,0.32792837151003684
25,high,0.21283602346809816,0.7153302648187554,0.6695568896193989,0.4017587934021228,0.506946638721436,0.38724512133354827,11.064296497735235,0.8274539179552611
25,rest,0.5,0.5,0.5,0.5,0.4833018720776112,0.3524157020320522,11.773648132121666,0.3427753247990708
26,high,0.8186194246968427,0.44736410289118134,0.3838001604546284,0.9086137116718085,0.6427690681129425,0.5313784828742483,11.841047711558659,0.30624690179033326
26,rest,0.5,0.5000000000000001,0.5,0.5,0.5059586449729683,0.36010644488006305,12.859414717318314,0.25547286838454847
27,high,0.02213047491319381,0.6012463227331115,0.595796289553695,0.8595854469157835,0.5254952546841074,0.4090000426650252,9.909904474742532,0.7824559764186179
27,rest,0.5,0.49999999999999983,0.5,0.5,0.509105147888163,0.3764006224716979,12.412274674541912,0.3413850647920508
28,high,0.6715839843875464,0.4270783218714056,0.4729576294935569,0.8023304079077962,0.5841660692400039,0.4562426034208533,11.41523905332021,0.37067043734918237
28,rest,0.5,0.4999999999999999,0.5,0.5,0.4961546002798344,0.3787112457427146,12.31124820884687,0.3832742644014908
29,high,0.317924145595451,0.4653610711955106,0.5096987770782021,0.5392236682143337,0.4666290810612303,0.3719404229876544,11.219939497869548,0.7666540087476413
29,rest,0.5,0.49999999999999994,0.5,0.5,0.5126774803790941,0.36953002378548894,12.343821946512369,0.31773519427531577
30,high,0.11387477578153601,0.7931455128989785,0.4549843025009239,0.5967105839359017,0.481822329512041,0.3630845081867357,9.70011764506491,0.7080243865196155
30,rest,0.5,0.4999999999999999,0.5000000000000001,0.5,0.47867766311561366,0.347787208454054,12.002596656451203,0.3393773690920753
31,high,0.7118609026908569,0.7599688381100873,0.4584563297476634,0.2900323155535263,0.5453382689510744,0.43817871771682165,8.4238680775042,0.7200216922876794
31,rest,0.5,0.5000000000000001,0.49999999999999994,0.5,0.5035819429189536,0.38675350784535695,11.753135700971614,0.3006482373283286
32,high,0.5970640562009004,0.6394650182109193,0.5597432396414624,0.3444005590149112,0.529672411701493,0.4065606951479213,11.079196389052562,0.4823317376716778
32,rest,0.5,0.5,0.5,0.5,0.5255923132416274,0.4101189634436423,11.599066203728583,0.34943479498470803
33,high,0.3085261698965791,0.6306541460719854,0.47467229400079575,0.49776876659647407,0.4939681076988891,0.37143477465274327,9.438888070204406,0.6403478808584663
33,rest,0.49999999999999994,0.5000000000000002,0.4999999999999999,0.5,0.49117981705219116,0.38449562477347526,11.727659735327334,0.3343519522465997
34,high,0.3362184857489494,0.7237369081706919,0.4819349148217005,0.29767175027542403,0.4650138443378127,0.34300812034147765,11.242053288736848,0.6197577254697836
34,rest,0.5,0.5,0.5,0.49999999999999994,0.5175905108023457,0.3845218518774093,12.319424126029144,0.27476523573634504
35,high,0.4790682172955324,0.5068748619100538,0.46088031842444266,0.27816410033556255,0.44899426549048005,0.3212856646263072,11.888021782496681,0.3574938486250959
35,rest,0.5,0.49999999999999994,0.5,0.5,0.5231229996400074,0.405882342183408,12.09777305496705,0.29545549581408714
36,high,0.7483328199593517,0.66505790932995,0.43655370403928817,0.47634428837898146,0.5449930260367017,0.420433143864423,10.427562542771607,0.5543377860623748
36,rest,0.5,0.5000000000000002,0.5,0.5,0.5013590471523856,0.39470609307909826,12.380541542140405,0.3371725035807599
37,high,0.7768938003684929,0.3524097466393682,0.4637840277892763,0.975671734348267,0.6255870140459532,0.5074148715209895,12.343667527879013,0.3852898122571839
37,rest,0.5,0.5000000000000002,0.5,0.5,0.5178752424887421,0.3911895092896676,13.66158409992631,0.2476635609163862
38,high,0.19875442259475834,0.5101974735318755,0.5077202269497496,0.9071781431589614,0.5297294212081639,0.4366526186962947,11.736453265911388,0.49699004371657574
38,rest,0.5,0.5000000000000001,0.5,0.5,0.5239543739641633,0.4025398704102592,12.045443195009398,0.32689716324122775
39,high,0.42338539127840036,0.33221437299149714,0.530750629181809,0.5594591047202578,0.4791601865230097,0.3590356721573184,11.470861033488179,0.519273345119544
39,rest,0.5,0.5,0.5,0.5,0.4910959858848345,0.371084749568517,12.406613400876754,0.321833135097901
40,high,0.17994090675060392,0.5027567596498621,0.4683632876809164,0.8076923790880839,0.4833902863351801,0.354012482291562,12.175250958156424,0.44532267205022164
40,rest,0.5,0.5,0.5,0.5,0.5107347762529274,0.40076072962712395,12.417472553322396,0.3662686402583906
41,high,0.21345753811145546,0.5608402831116339,0.4388832862294578,0.959117159417836,0.5248688912409996,0.45212568648678536,7.30654471756966,0.7941096124780533
41,rest,0.5,0.5,0.5,0.5,0.524594756410997,0.4198791338202781,10.541028040335592,0.4381888495926599
42,high,0.6390044051805503,0.6297652175577431,0.5930963216823288,0.6965409034689001,0.6253978288082633,0.5016823277455135,9.63246007948131,0.525596940561363
42,rest,0.4999999999999999,0.4999999999999999,0.5,0.5,0.5138931655613398,0.3820130232834589,12.261955951846984,0.2810565409568205
43,high,0.3207409935528679,0.7662881818278665,0.3121846197076896,0.6069255578189915,0.5301118935353333,0.43624783509396053,9.541173152658995,0.7917696689542524
43,rest,0.5,0.49999999999999994,0.4999999999999999,0.5,0.5114355739773735,0.3882445064193316,11.381651324992465,0.3628289330222378
44,high,0.3048084300328933,0.7408702743853699,0.4623894407565827,0.5479448301909634,0.5175619376355298,0.4008035016170203,11.252253434793028,0.5660404057482908
44,rest,0.5,0.49999999999999994,0.49999999999999994,0.5,0.5323656677106212,0.39972767933515335,12.413040496859228,0.2376388602767481
45,high,0.6310141037784551,0.9627867919700439,0.5899777700992758,0.8871601760854899,0.7413080660832327,0.6513809952134039,9.647631889063735,0.8920059109994339
45,rest,0.5,0.5,0.5,0.5,0.4991509559743894,0.34494107029328963,12.288102440137113,0.3203815623246645
46,high,0.5877795410648972,0.5851332216612776,0.4336492385570565,0.46296024855768947,0.5279733737767554,0.40470731093390644,11.426726197098413,0.5870398317731731
46,rest,0.5,0.5,0.5,0.5,0.5092251746450591,0.39177526498189297,11.720753655370794,0.33341441601918514
47,high,0.45334956651680297,0.4514066443189122,0.5213329134448688,0.9028573772803452,0.5705783160850426,0.4471499345796574,11.054761297374887,0.519024860132291
47,rest,0.49999999999999994,0.5000000000000002,0.5,0.5,0.529189694145021,0.386807654181015,12.943637603638685,0.3485901287722618
48,high,0.47672781872951064,0.9256606713103948,0.42580110573213265,0.9474549368646138,0.6669955578698483,0.570836178639822,10.12028895697607,0.8848431440355153
48,rest,0.5,0.5000000000000001,0.49999999999999994,0.5,0.5102758530105631,0.41540789462016836,11.948362475367121,0.36051634794687604
