time,feature_A,feature_B,feature_C
0.0,1.0,-0.5,0.25
0.01,0.9869018711806447,-0.4864572964204049,0.24688959102286975
0.02,0.9740261105982105,-0.4731610429137024,0.2438553707235424
0.03,0.9613688714896167,-0.4601067661231651,0.24089572412361956
0.04,0.9489263745465234,-0.44729007375197033,0.23800906826587115
0.05,0.9366949067211485,-0.43470665309597084,0.23519385160183
0.06,0.9246708200533639,-0.42235226960300326,0.23244855339085427
0.07,0.9128505305186915,-0.41022276545825564,0.22977168311044516
0.08,0.9012305168968258,-0.39831405819522203,0.2271617798776124
0.09,0.8898073196603136,-0.38662213933178224,0.22461741188108295
0.1,0.8785775398830313,-0.375143073030952,0.22213717582415224
0.11,0.8675378381681064,-0.363872994785858,0.21971969637798158
0.12,0.8566849335949325,-0.3528081101284992,0.21736362564514797
0.13,0.8460156026849392,-0.3419446933618652,0.21506764263325684
0.14,0.83552667838578,-0.33127908631498854,0.2128304527384317
0.15,0.8252150490736071,-0.32080769712051677,0.21065078723849753
0.16,0.815077657573113,-0.3105269990143972,0.20852740279567863
0.17,0.8051115001950178,-0.3004335291572743,0.206459080968635
0.18,0.7953136257906918,-0.29052388747720737,0.20444462773366384
0.19,0.7856811348236065,-0.2807947355333226,0.20248287301489695
0.2,0.7762111784573132,-0.2712427954000219,0.200572670223327
0.21,0.7669009576596529,-0.26186484857137554,0.1987128958044993
0.22,0.7577477223229082,-0.25265773488533516,0.1969024487947085
0.23,0.748748770399611,-0.24361835146740754,0.19514025038554259
0.24,0.7399014470537273,-0.23474365169343783,0.19342524349661927
0.25,0.7312031438269433,-0.22603064417115679,0.19175639235636327
0.26,0.7226512978197823,-0.21747639174015249,0.190132682090675
0.27,0.714243390887289,-0.20907801048993366,0.18855311831934451
0.28,0.7059769488490187,-0.20083266879575715,0.18701672676006714
0.29,0.697849540713077,-0.19273758637189878,0.18552255283991947
0.3,0.6898587779139586,-0.1847900333420518,0.18406966131415758
0.31,0.6820023135639379,-0.1769873293265435,0.18265713589220142
0.32,0.6742778417177707,-0.16932684254606584,0.18128407887067208
0.33,0.6666830966504669,-0.16180598894162118,0.17994961077335084
0.34,0.6592158521479022,-0.1544222313103906,0.17865286999793176
0.35000000000000003,0.6518739208100398,-0.14717307845723612,0.17739301246944122
0.36,0.6446551533665345,-0.1400560843615547,0.1761692113002011
0.37,0.6375574380045002,-0.13306884735920613,0.17498065645621344
0.38,0.6305786997082228,-0.12620900933924228,0.1738265544298478
0.39,0.6237168996106045,-0.11947425495517025,0.17270612791871373
0.4,0.6169700343561307,-0.11286231085048633,0.17161861551060376
0.41000000000000003,0.6103361354751532,-0.10637094489822295,0.17056327137439362
0.42,0.6038132687692874,-0.09999796545425506,0.16953936495678928
0.43,0.5973995337077264,-0.09374122062411726,0.16854618068481197
0.44,0.5910930628342743,-0.08759859754308724,0.16758301767391418
0.45,0.5848920211849107,-0.08156802166929579,0.16664918944162213
0.46,0.5787946057156949,-0.07564745608962758,0.1657440236266019
0.47000000000000003,0.572799044740828,-0.06983490083818171,0.16486686171304793
0.48,0.5669035973806903,-0.06412839222706462,0.16401705876029507
0.49,0.5611065530196749,-0.05852600218929254,0.16319398313755692
0.5,0.5554062307736454,-0.053025837633584386,0.1623970162636947
0.51,0.5498009789668424,-0.04762603981083014,0.16162555235192333
0.52,0.5442891746180736,-0.04232478369202351,0.1608789981593622
0.53,0.5388692229360186,-0.0371202773574516,0.16015677274134105
0.54,0.5335395568234887,-0.03201076139693799,0.15945830721037138
0.55,0.5282986363904798,-0.02699450832093931,0.15878304449969746
0.56,0.5231449484758616,-0.02206982198229911,0.1581304391313405
0.5700000000000001,0.5180770061775507,-0.017235037008466143,0.157499956988553
0.58,0.5130933483910146,-0.012488518243987962,0.15689107509260045
0.59,0.5081925393559581,-0.007828660203093907,0.15630328138378977
0.6,0.503373168211047,-0.0032538865321850435,0.15573607450666557
0.61,0.4986338485565252,0.0012373505179481166,0.1551889635992957
0.62,0.49397321802458405,0.005646570610356054,0.15466146808657044
0.63,0.4893899378573467,0.00997526583078159,0.15415311747743982
0.64,0.4848826924923304,0.014224901187301773,0.15366345116601593
0.65,0.48045018915525467,0.018396915100926857,0.1531920182364677
0.66,0.4760911574600631,0.022492719887319948,0.15273837727163722
0.67,0.4718043490160312,0.026513702229797875,0.1523020961653084
0.68,0.46758853704183345,0.030461223643771032,0.15188275193805925
0.6900000000000001,0.46344251598644565,0.034336620932776965,0.15147993055663092
0.7000000000000001,0.4593651011567603,0.0381412066362598,0.1510932267567478
0.71,0.45535512835179653,0.04187626946924479,0.15072224386932387
0.72,0.4514114535033853,0.04554307475405456,0.15036659364999225
0.73,0.44753295232321605,0.049142864844210994,0.15002589611189523
0.74,0.44371851995613076,0.052676859540664166,0.14969977936167433
0.75,0.43996707063955387,0.05614625650048698,0.14938787943859994
0.76,0.4362775373689493,0.05955223163817192,0.1490898401567819
0.77,0.4326488715691968,0.06289593951966367,0.14880531295040345
0.78,0.4290800427717822,0.06617851374925895,0.14853395672192152
0.79,0.42557003829769846,0.06940106734950272,0.1482754376931781
0.8,0.4221178629459551,0.07256469313420726,0.14802942925936785
0.81,0.4187225386875967,0.0756704640747187,0.14779561184580828
0.8200000000000001,0.4153831043651318,0.078719433659553,0.14757367276746045
0.8300000000000001,0.41209861539727694,0.08171263624752143,0.14736330609114778
0.84,0.4088681434889195,0.08465108741446323,0.14716421250042303
0.85,0.40569077634620826,0.08753578429370118,0.14697609916303309
0.86,0.4025656173966791,0.09036770591033351,0.14679867960093343
0.87,0.39949178551432674,0.09314781350947382,0.14663167356280374
0.88,0.3964684147495343,0.09587705087854827,0.14647480689901796
0.89,0.3934946540637747,0.09855634466375778,0.14632781143902276
0.9,0.39056966706899804,0.10118660468081057,0.14619042487107883
0.91,0.3876926317716227,0.10376872422002895,0.14606239062432066
0.92,0.38486274032104745,0.10630358034593174,0.1459434577530914
0.93,0.3820791987626042,0.10879203419139277,0.14583338082350963
0.9400000000000001,0.3793412267948731,0.11123493124647314,0.1457319198022263
0.9500000000000001,0.3766480575312812,0.11363310164202386,0.1456388399473304
0.96,0.37399893726591005,0.1159873604281533,0.145553911701363
0.97,0.3713931252434354,0.11829850784765257,0.1454769105864
0.98,0.3688298934331275,0.12056732960446981,0.14540761710116426
0.99,0.3663085263068388,0.12279459712732316,0.14534581662012938
1.0,0.36382832062090775,0.12498106782854021,0.1452912992945771
1.01,0.3613885852019103,0.12712748535821045,0.14524385995557168
1.02,0.3589886407361894,0.12923457985373532,0.145203298018815
1.03,0.3566278195630965,0.13130306818485935,0.14516941739134712
1.04,0.35430546547187824,0.13333365419426396,0.14514202638005694
1.05,0.35202093350214375,0.13532702893380436,0.14512093760196945
1.06,0.34977358974784944,0.13728387089646815,0.1451059678962754
1.07,0.34756281116473814,0.13920484624413346,0.1450969382380707
1.08,0.3453879853811713,0.14109060903120202,0.14509367365377354
1.09,0.34324851051229466,0.1429418014241824,0.14509600313818669
1.1,0.341143794977477,0.1447590539172963,0.14510375957317484
1.11,0.3390732573209652,0.14654298554417994,0.14511677964792566
1.12,0.3370363260356973,0.14829420408575145,0.145134903780765
1.1300000000000001,0.3350324393902181,0.1500133062743131,0.14515797604249653
1.1400000000000001,0.3330610452586424,0.1517008779939572,0.1451858440812374
1.1500000000000001,0.331121600953611,0.15335749447734184,0.14521835904872085
1.16,0.3292135730621872,0.15498372049890277,0.1452553755280388
1.17,0.327336437284641,0.15658011056456544,0.1452967514627963
1.18,0.3254896782760702,0.15814720909802094,0.14534234808765184
1.19,0.3236727894908076,0.15968555062362755,0.14539202986021654
1.2,0.3218852730295651,0.1611956599459995,0.1454456643942869
1.21,0.32012663948926645,0.1626780523263423,0.14550312239438554
1.22,0.3183964078155203,0.16413323365559426,0.1455642775915852
1.23,0.31669410515768726,0.16556170062443107,0.14562900668059153
1.24,0.3150192667264945,0.16696394089019104,0.145697189258061
1.25,0.31337143565415343,0.16834043324077633,0.14576870776212986
1.26,0.31175016285693524,0.1696916477555849,0.14584344741313188
1.27,0.3101550069001612,0.17101804596352693,0.14592129615548163
1.28,0.30858553386556486,0.17232008099817867,0.14600214460070143
1.29,0.30704131722098416,0.17359819775012525,0.1460858859715701
1.3,0.30552193769234165,0.17485283301654347,0.14617241604737216
1.31,0.3040269831378732,0.17608441564807453,0.14626163311022655
1.32,0.3025560484245644,0.17729336669303575,0.14635343789247407
1.33,0.3011087353067563,0.17848009953901928,0.14644773352510376
1.34,0.29968465230688146,0.1796450200519254,0.146544425487198
1.35,0.2982834145982929,0.1807885267124765,0.14664342155637705
1.36,0.2969046438901488,0.18191101075025765,0.14674463176022404
1.37,0.29554796831431684,0.18301285627532823,0.14684796832867153
1.3800000000000001,0.29421302231426155,0.18409444040744896,0.14695334564733128
1.3900000000000001,0.2928994465358807,0.18515613340296697,0.14706068021174937
1.4000000000000001,0.2916068877202553,0.18619829877940183,0.14716989058256869
1.41,0.2903349985982799,0.1872212934377739,0.14728089734158176
1.42,0.28908343778713963,0.1882254677827158,0.14739362304865658
1.43,0.2878518696886014,0.18921116584040718,0.14750799219951885
1.44,0.28663996438908695,0.19017872537437244,0.1476239311843744
1.45,0.2854473975614969,0.19112847799917967,0.14774136824735523
1.46,0.2842738503687537,0.1920607492920791,0.14786023344677401
1.47,0.2831190093690341,0.19297585890261826,0.14798045861617087
1.48,0.2819825664226609,0.1938741206602704,0.14810197732613786
1.49,0.2808642186006242,0.19475584268011237,0.14822472484690571
1.5,0.2797636680947043,0.19562132746658698,0.1483486381116786
1.51,0.2786806221291668,0.1964708720153847,0.14847365568070214
1.52,0.277614792874003,0.1973047679134788,0.14859971770605115
1.53,0.27656589735968806,0.19812330143734705,0.14872676589712253
1.54,0.27553365739342967,0.19892675364941315,0.1488547434868204
1.55,0.2745177994768814,0.1997154004927401,0.14898359519841975
1.56,0.2735180547252946,0.20048951288400688,0.14911326721309578
1.57,0.2725341587880838,0.20124935680479966,0.14924370713810586
1.58,0.2715658517707797,0.20199519339124833,0.1493748639756118
1.59,0.27061287815834656,0.20272727902203777,0.1495066880921299
1.6,0.2696749867398389,0.20344586540482382,0.14963913118859673
1.61,0.26875193053437413,0.20415119966108242,0.14977214627103866
1.62,0.26784346671839804,0.2048435244094206,0.1499056876218338
1.6300000000000001,0.2669493565542203,0.205523077847377,0.15003971077155434
1.6400000000000001,0.2660693653197973,0.2061900938317392,0.15017417247137882
1.6500000000000001,0.2652032622397405,0.20684480195740496,0.15030903066606244
1.6600000000000001,0.2643508204175289,0.20748742763481354,0.1504442444674554
1.67,0.26351181676890373,0.20811819216597308,0.15057977412855822
1.68,0.2626860319564253,0.20873731281910934,0.15071558101810362
1.69,0.261873250325171,0.209345002901961,0.15085162759565518
1.7,0.26107325983955426,0.20994147183374576,0.15098787738721217
1.71,0.2602858520212452,0.2105269252158215,0.15112429496131113
1.72,0.25951082188817304,0.2111015649010661,0.1512608459056145
1.73,0.2587479678945915,0.21166558906199898,0.1513974968039767
1.74,0.2579970918721883,0.21221919225766733,0.15153421521397867
1.75,0.25725799897222046,0.2127625654993194,0.1516709696449212
1.76,0.25653049760865726,0.21329589631488663,0.15180772953626892
1.77,0.25581439940231315,0.21381936881229632,0.15194446523653551
1.78,0.25510951912595303,0.2143331637416361,0.15208114798260183
1.79,0.25441567465035314,0.2148374585561908,0.15221774987945855
1.8,0.25373268689130024,0.21533242747237233,0.15235424388036478
1.81,0.253060379757513,0.21581824152856252,0.15249060376741508
1.82,0.25239858009946897,0.21629506864288853,0.15262680413250615
1.83,0.25174711765912156,0.21676307366995043,0.15276282035869612
1.84,0.25110582502049117,0.21722241845651963,0.15289862860194833
1.85,0.250474537561115,0.21767326189622693,0.1530342057732521
1.86,0.2498530934043406,0.2181157599832586,0.15316952952111348
1.87,0.24924133337244836,0.21855006586507822,0.15330457821440815
1.8800000000000001,0.2486391009405881,0.21897632989419213,0.15343933092558998
1.8900000000000001,0.24804624219151578,0.21939469967897574,0.15357376741424786
1.9000000000000001,0.24746260577111584,0.21980532013357768,0.15370786811100415
1.9100000000000001,0.2468880428446959,0.22020833352691854,0.15384161410174807
1.92,0.2463224070540397,0.22060387953080066,0.1539749871121972
1.93,0.24576555447520534,0.22099209526714483,0.1541079694927812
1.94,0.24521734357705555,0.22137311535437013,0.15424054420384056
1.95,0.24467763518050706,0.22174707195293195,0.15437269480113527
1.96,0.24414629241848676,0.22211409481003389,0.1545044054216562
1.97,0.24362318069658181,0.22247431130352818,0.15463566076973398
1.98,0.24310816765437182,0.22282784648501952,0.15476644610343937
1.99,0.24260112312743096,0.22317482312218656,0.15489674722126912
2.0,0.2421019191099884,0.22351536174033554,0.1550265504491119
2.0100000000000002,0.24161042971823532,0.22384958066319957,0.1551558426274888
2.02,0.24112653115426727,0.2241775960529977,0.1552846110990628
2.0300000000000002,0.24065010167065082,0.22449952194976666,0.15541284369641203
2.04,0.24018102153560325,0.2248154703099789,0.15554052873006155
2.05,0.2397191729987749,0.2251255510444596,0.15566765497676852
2.06,0.23926444025762333,0.22542987205561557,0.15579421166805585
2.07,0.238816709424369,0.22572853927398817,0.1559201884789892
2.08,0.2383758684935223,0.22602165669414287,0.15604557551719261
2.09,0.2379418073099719,0.22630932640990725,0.15617036331209813
2.1,0.23751441753762462,0.2265916486489693,0.1562945428044246
2.11,0.2370935926285871,0.2268687218068476,0.15641810533588107
2.12,0.2366792277928797,0.2271406424802449,0.15654104263909063
2.13,0.23627121996867353,0.22740750549979596,0.15666334682772987
2.14,0.23586946779304124,0.22766940396222096,0.15678501038687984
2.15,0.23547387157321273,0.22792642926189507,0.1569060261635846
2.16,0.23508433325832673,0.22817867112184487,0.1570263873576125
2.17,0.23470075641166988,0.22842621762418186,0.15714608751241707
2.18,0.23432304618339445,0.22866915523998335,0.1572651205062925
2.19,0.23395110928370655,0.22890756885863087,0.15738348054372078
2.2,0.23358485395651654,0.22914154181661558,0.15750116214690604
2.21,0.23322418995354346,0.2293711559258209,0.1576181601474925
2.22,0.23286902850886576,0.22959649150129113,0.1577344696784624
2.23,0.2325192823139102,0.229817627388496,0.15785008616621043
2.24,0.2321748654928716,0.23003464099010004,0.1579650053227906
2.25,0.2318356935785558,0.23024760829224558,0.15807922313833275
2.2600000000000002,0.2315016834886381,0.23045660389035855,0.1581927358736249
2.27,0.23117275350233057,0.23066170101448535,0.15830554005285807
2.2800000000000002,0.2308488232374506,0.23086297155416977,0.15841763245653048
2.29,0.2305298136278836,0.2310604860828777,0.15852901011450782
2.3000000000000003,0.2302156469014336,0.23125431388197826,0.1586396702992364
2.31,0.2299062465580541,0.23144452296428947,0.15874961051910616
2.32,0.22960153734845343,0.2316311800971958,0.15885882851196056
2.33,0.22930144525306723,0.23181435082534604,0.15896732223875013
2.34,0.22900589746139238,0.2319940994929386,0.1590750898773271
2.35,0.22871482235167565,0.2321704892656019,0.15918212981637803
2.36,0.22842814947095083,0.23234358215187745,0.15928844064949163
2.37,0.2281458095154187,0.2325134390243121,0.15939402116935916
2.38,0.22786773431116344,0.23268011964016747,0.1594988703621046
2.39,0.2275938567951996,0.23284368266175284,0.15960298740174203
2.4,0.22732411099684438,0.2330041856763885,0.1597063716447575
2.41,0.2270584320194089,0.23316168521600641,0.159809022624813
2.42,0.2267967560222033,0.2333162367763946,0.15991094004756992
2.43,0.22653902020285024,0.2334678948360917,0.16001212378562965
2.44,0.22628516277990102,0.23361671287493826,0.16011257387358882
2.45,0.22603512297574957,0.23376274339229067,0.16021229050320693
2.46,0.22578884099983879,0.2339060379249041,0.160311274018684
2.47,0.22554625803215422,0.23404664706449044,0.160409524912046
2.48,0.22530731620700015,0.2341846204749569,0.16050704381863584
2.49,0.22507195859705306,0.23432000690933136,0.16060383151270782
2.5,0.22484012919768778,0.23445285422637993,0.16069988890312326
2.5100000000000002,0.22461177291157153,0.2345832094069225,0.1607952170291453
2.52,0.22438683553352104,0.2347111185698515,0.1608898170563309
2.5300000000000002,0.22416526373561857,0.23483662698785954,0.16098369027251805
2.54,0.22394700505258178,0.23495977910288096,0.1610768380839058
2.5500000000000003,0.22373200786738365,0.23508061854125276,0.1611692620112259
2.56,0.22352022139711752,0.2351991881285996,0.1612609636860035
2.57,0.22331159567910353,0.23531552990444837,0.16135194484690563
2.58,0.22310608155723174,0.23542968513657672,0.1614422073361749
2.59,0.22290363066853836,0.23554169433510083,0.16153175309614745
2.6,0.22270419543001052,0.2356515972663069,0.16162058416585295
2.61,0.22250772902561616,0.2357594329662311,0.16170870267769494
2.62,0.22231418539355458,0.23586523975399226,0.1617961108542099
2.63,0.22212351921372422,0.23596905524488251,0.1618828110049035
2.64,0.22193568589540386,0.2360709163632194,0.16196880552316237
2.65,0.22175064156514318,0.23617085935496424,0.16205409688323952
2.66,0.22156834305485967,0.2362689198001112,0.16213868763731243
2.67,0.2213887478901377,0.2363651326248506,0.16222258041261167
2.68,0.22121181427872674,0.23645953211351117,0.16230577790861914
2.69,0.22103750109923484,0.23655215192028498,0.1623882828943339
2.7,0.2208657678900144,0.23664302508073887,0.16247009820560468
2.71,0.22069657483823657,0.2367321840231166,0.16255122674252723
2.72,0.22052988276915134,0.23681966057943524,0.16263167146690552
2.73,0.2203656531355297,0.2369054859963796,0.1627114353997751
2.74,0.22020384800728515,0.23698969094599845,0.16279052161898752
2.75,0.22004443006127114,0.23707230553620603,0.16286893325685448
2.7600000000000002,0.21988736257125152,0.23715335932109244,0.16294667349785033
2.77,0.21973260939804107,0.23723288131104628,0.16302374557637178
2.7800000000000002,0.21958013497981305,0.23731089998269317,0.16310015277455361
2.79,0.21942990432257095,0.23738744328865322,0.16317589842013908
2.8000000000000003,0.21928188299078163,0.23746253866712097,0.16325098588440395
2.81,0.21913603709816698,0.23753621305127084,0.16332541858013302
2.82,0.21899233329865142,0.2376084928784914,0.1633991999596479
2.83,0.21885073877746258,0.23767940409945143,0.16347233351288498
2.84,0.21871122124238243,0.237748972187001,0.16354482276552265
2.85,0.21857374891514633,0.2378172221449104,0.16361667127715646
2.86,0.21843829052298747,0.23788417851645,0.16368788263952141
2.87,0.21830481529032408,0.23794986539281365,0.16375846047476028
2.88,0.21817329293058713,0.23801430642138907,0.16382840843373683
2.89,0.21804369363818585,0.23807752481387717,0.16389773019439322
2.9,0.21791598808060897,0.23813954335426377,0.16396642946015036
2.91,0.21779014739065922,0.23820038440664604,0.16403450995835062
2.92,0.2176661431588186,0.23826006992291635,0.16410197543874153
2.93,0.21754394742574265,0.23831862145030613,0.16416882967199992
2.94,0.2174235326748809,0.23837606013879237,0.16423507644829557
2.95,0.21730487182522187,0.23843240674836907,0.16430071957589334
2.96,0.21718793822416013,0.23848768165618633,0.164365762879793
2.97,0.21707270564048348,0.23854190486355922,0.1644302102004061
2.98,0.21695914825747806,0.23859509600284906,0.16449406539226885
2.99,0.21684724066614963,0.23864727434421928,0.16455733232279024
3.0,0.21673695785855857,0.23869845880226806,0.16462001487103478
3.0100000000000002,0.21662827522126712,0.23874866794254015,0.16468211692653886
3.02,0.21652116852889672,0.23879791998792013,0.16474364238816025
3.0300000000000002,0.21641561393779338,0.23884623282490886,0.1648045951629597
3.04,0.21631158797979966,0.2388936240097858,0.16486497916511422
3.0500000000000003,0.21620906755613095,0.23894011077465885,0.1649247983148611
3.06,0.2161080299313547,0.23898571003340385,0.16498405653747206
3.0700000000000003,0.21600845272747046,0.239030438387496,0.16504275776225705
3.08,0.21591031391808935,0.2390743121317347,0.1651009059215966
3.09,0.21581359182271087,0.2391173472598642,0.16515850495000245
3.1,0.21571826510109568,0.23915955947009168,0.1652155587832058
3.11,0.21562431274773272,0.23920096417050468,0.16527207135727218
3.12,0.21553171408639876,0.23924157648438985,0.16532804660774292
3.13,0.21544044876480914,0.23928141125545443,0.16538348846880213
3.14,0.21535049674935786,0.23932048305295292,0.16543840087246875
3.15,0.21526183831994575,0.23935880617671976,0.16549278774781329
3.16,0.21517445406489497,0.23939639466211057,0.16554665302019836
3.17,0.2150883248759485,0.2394332622848531,0.16560000061054272
3.18,0.21500343194335325,0.23946942256580958,0.1656528344346083
3.19,0.214919756751025,0.23950488877565246,0.16570515840230923
3.2,0.21483728107179437,0.23953967393945458,0.16575697641704318
3.21,0.21475598696273174,0.23957379084119565,0.1658082923750436
3.22,0.21467585676055043,0.23960725202818656,0.16585911016475308
3.23,0.21459687307708628,0.2396400698154129,0.16590943366621688
3.24,0.21451901879485258,0.23967225628979913,0.1659592667504965
3.25,0.2144422770626692,0.2397038233143951,0.16600861327910243
3.2600000000000002,0.2143666312913642,0.23973478253248598,0.1660574771034461
3.27,0.21429206514954727,0.23976514537162721,0.16610586206431013
3.2800000000000002,0.21421856255945318,0.2397949230476059,0.16615377199133682
3.29,0.21414610769285458,0.23982412656832977,0.16620121070253407
3.3000000000000003,0.2140746849670426,0.23985276673764505,0.1662481820037988
3.31,0.21400427904087424,0.23988085415908483,0.16629468968845681
3.3200000000000003,0.21393487481088547,0.2399083992395489,0.16634073753681952
3.33,0.2138664574074687,0.23993541219291625,0.16638632931575625
3.34,0.21379901219111389,0.23996190304359183,0.1664314687782825
3.35,0.21373252474871177,0.2399878816299883,0.16647615966316323
3.36,0.21366698088991856,0.24001335760794437,0.16652040569453122
3.37,0.21360236664358073,0.24003834045408057,0.1665642105815198
3.38,0.2135386682542192,0.24006283946909374,0.16660757801790982
3.39,0.21347587217857153,0.24008686378099137,0.1666505116817905
3.4,0.21341396508219151,0.24011042234826682,0.16669301523523364
3.41,0.21335293383610493,0.24013352396301652,0.1667350923239811
3.42,0.21329276551352064,0.24015617725400012,0.166776746577145
3.43,0.213233447386596,0.24017839068964497,0.16681798160692063
3.44,0.2131749669232558,0.24020017258099535,0.1668588010083113
3.45,0.2131173117840636,0.24022153108460803,0.16689920835886524
3.46,0.2130604698191449,0.24024247420539482,0.16693920721842415
3.47,0.21300442906516084,0.24026300979941317,0.1669788011288829
3.48,0.2129491777423321,0.2402831455766057,0.16701799361396039
3.49,0.21289470425151158,0.24030288910348974,0.16705678817898115
3.5,0.21284099717130553,0.24032224780579756,0.16709518831066725
3.5100000000000002,0.21278804525524198,0.24034122897106847,0.16713319747694066
3.52,0.2127358374289858,0.2403598397511934,0.1671708191267354
3.5300000000000002,0.2126843627875997,0.24037808716491296,0.1672080566898193
3.54,0.21263361059285008,0.24039597810026986,0.1672449135766255
3.5500000000000003,0.2125835702705574,0.24041351931701638,0.16728139317809274
3.56,0.21253423140799,0.2404307174489779,0.167317498865515
3.5700000000000003,0.21248558375130056,0.24044757900637312,0.16735323399039956
3.58,0.212437617203005,0.24046411037809182,0.1673886018843337
3.59,0.21239032181950246,0.24048031783393098,0.1674236058588596
3.6,0.21234368780863613,0.24049620752678996,0.16745824920535743
3.61,0.21229770552729402,0.2405117854948255,0.167492535194936
3.62,0.21225236547904897,0.24052705766356727,0.1675264670783313
3.63,0.2122076583118375,0.24054202984799475,0.16756004808581232
3.64,0.2121635748156765,0.24055670775457597,0.16759328142709415
3.65,0.21212010592041736,0.24057109698326903,0.167626170291258
3.66,0.21207724269353692,0.240585203029487,0.1676587178466782
3.67,0.21203497633796434,0.24059903128602667,0.16769092724095574
3.68,0.21199329818994367,0.2406125870449622,0.16772280160085826
3.69,0.2119521997169313,0.24062587549950387,0.16775434403226636
3.7,0.21191167251552764,0.240638901745823,0.16778555762012604
3.71,0.21187170830944266,0.24065167078484326,0.16781644542840696
3.72,0.2118322989474946,0.24066418752399923,0.1678470105000666
3.73,0.21179343640164133,0.24067645677896282,0.16787725585701993
3.74,0.21175511276504363,0.2406884832753379,0.16790718450011458
3.75,0.2117173202501603,0.24070027165032404,0.16793679940911121
3.7600000000000002,0.21168005118687402,0.2407118264543496,0.1679661035426691
3.77,0.21164329802064796,0.24072315215267506,0.16799509983833666
3.7800000000000002,0.21160705331071206,0.2407342531269668,0.1680237912125468
3.79,0.21157130972827906,0.24074513367684217,0.16805218056061696
3.8000000000000003,0.21153606005478948,0.24075579802138602,0.16808027075675383
3.81,0.21150129718018496,0.24076625030063978,0.1681080646540622
3.8200000000000003,0.2114670141012098,0.24077649457706282,0.16813556508455837
3.83,0.21143320391973996,0.24078653483696735,0.16816277485918762
3.84,0.21139985984113918,0.24079637499192685,0.16818969676784562
3.85,0.21136697517264177,0.24080601888015862,0.16821633357940385
3.86,0.21133454332176158,0.24081547026788108,0.16824268804173878
3.87,0.21130255779472673,0.2408247328506461,0.1682687628817646
3.88,0.2112710121949397,0.24083381025464692,0.16829456080546962
3.89,0.21123990022146236,0.24084270603800206,0.1683200844979561
3.9,0.21120921566752532,0.24085142369201565,0.1683453366234833
3.91,0.2111789524190617,0.24085996664241466,0.16837031982551381
3.92,0.2111491044532642,0.2408683382505634,0.16839503672676295
3.93,0.21111966583716582,0.24087654181465565,0.16841948992925124
3.94,0.2110906307262432,0.24088458057088513,0.16844368201435966
3.95,0.21106199336304265,0.24089245769459422,0.16846761554288783
3.96,0.2110337480758283,0.2409001763014017,0.1684912930551148
3.97,0.21100588927725203,0.24090773944830984,0.1685147170708625
3.98,0.21097841146304475,0.240915150134791,0.16853789008956174
3.99,0.2109513092107288,0.24092241130385447,0.16856081459032063
4.0,0.21092457717835117,0.2409295258430935,0.16858349303199516
4.01,0.21089821010323684,0.2409364965857132,0.16860592785326242
4.0200000000000005,0.21087220280076238,0.24094332631153967,0.16862812147269562
4.03,0.2108465501631492,0.24095001774801034,0.16865007628884146
4.04,0.21082124715827605,0.24095657357114622,0.16867179468029936
4.05,0.2107962888285107,0.2409629964065064,0.16869327900580275
4.0600000000000005,0.21077167028956034,0.24096928883012475,0.16871453160430208
4.07,0.2107473867293404,0.24097545336942966,0.16873555479504979
4.08,0.2107234334068614,0.24098149250414672,0.1687563508776869
4.09,0.2106998056511338,0.24098740866718474,0.1687769221323312
4.1,0.2106764988600902,0.2409932042455057,0.16879727081966717
4.11,0.21065350849952494,0.2409988815809784,0.16881739918103725
4.12,0.21063083010205047,0.2410044429712168,0.16883730943853473
4.13,0.21060845926607055,0.24100989067040238,0.16885700379509785
4.14,0.21058639165476983,0.241015226890092,0.1688764844346054
4.15,0.21056462299511944,0.2410204538000104,0.1688957535219734
4.16,0.21054314907689853,0.24102557352882834,0.16891481320325313
4.17,0.21052196575173146,0.2410305881649264,0.1689336656057303
4.18,0.21050106893214024,0.2410354997571446,0.1689523128380252
4.19,0.21048045459061207,0.24104031031551848,0.168970756990194
4.2,0.2104601187586818,0.24104502181200127,0.16898900013383103
4.21,0.2104400575260289,0.24104963618117306,0.16900704432217192
4.22,0.21042026703958877,0.24105415532093677,0.16902489159019773
4.23,0.21040074350267834,0.24105858109320127,0.16904254395473978
4.24,0.21038148317413535,0.24106291532455204,0.16906000341458544
4.25,0.21036248236747143,0.24106715980690932,0.16907727195058447
4.26,0.21034373745003854,0.2410713162981743,0.16909435152575625
4.2700000000000005,0.2103252448422087,0.24107538652286323,0.16911124408539752
4.28,0.2103070010165666,0.24107937217272998,0.1691279515571908
4.29,0.2102890024971152,0.241083274907377,0.16914447585131337
4.3,0.21027124585849372,0.24108709635485512,0.16916081886054674
4.3100000000000005,0.21025372772520798,0.24109083811225226,0.16917698246038665
4.32,0.2102364447708731,0.24109450174627126,0.16919296850915355
4.33,0.21021939371746806,0.241098088793797,0.16920877884810342
4.34,0.210202571334602,0.24110160076245318,0.169224415301539
4.3500000000000005,0.2101859744387921,0.2411050391311488,0.1692398796769214
4.36,0.21016959989275305,0.24110840535061442,0.1692551737649819
4.37,0.21015344460469734,0.2411117008439287,0.16927029933983423
4.38,0.21013750552764698,0.24111492700703507,0.1692852581590869
4.39,0.21012177965875578,0.24111808520924904,0.16930005196395584
4.4,0.21010626403864247,0.241121176793756,0.16931468247937714
4.41,0.21009095575073417,0.24112420307809976,0.16932915141412008
4.42,0.2100758519206203,0.24112716535466233,0.16934346046090012
4.43,0.21006094971541667,0.24113006489113456,0.16935761129649207
4.44,0.2100462463431393,0.2411329029309783,0.1693716055818434
4.45,0.21003173905208838,0.24113568069387986,0.16938544496218733
4.46,0.2100174251302418,0.24113839937619513,0.16939913106715637
4.47,0.21000330190465805,0.24114106015138662,0.16941266551089534
4.48,0.20998936674088864,0.24114366417045213,0.1694260498921748
4.49,0.20997561704239967,0.2411462125623458,0.16943928579450407
4.5,0.20996205025000242,0.24114870643439118,0.16945237478624445
4.51,0.20994866384129285,0.2411511468726867,0.16946531842072218
4.5200000000000005,0.20993545533009994,0.24115353494250372,0.1694781182363413
4.53,0.2099224222659426,0.24115587168867708,0.16949077575669635
4.54,0.20990956223349497,0.24115815813598854,0.16950329249068505
4.55,0.2098968728520602,0.24116039528954303,0.16951566993262052
4.5600000000000005,0.20988435177505244,0.24116258413513808,0.16952790956234362
4.57,0.2098719966894867,0.24116472563962627,0.1695400128453348
4.58,0.209859805315477,0.24116682075127094,0.16955198123282583
4.59,0.20984777540574193,0.2411688704000955,0.16956381616191138
4.6000000000000005,0.20983590474511832,0.24117087549822608,0.16957551905566
4.61,0.2098241911500821,0.241172836940228,0.16958709132322528
4.62,0.20981263246827683,0.24117475560343582,0.1695985343599562
4.63,0.20980122657804953,0.24117663234827744,0.1696098495475076
4.64,0.20978997138799363,0.24117846801859208,0.16962103825395008
4.65,0.20977886483649905,0.24118026344194246,0.1696321018338796
4.66,0.2097679048913093,0.2411820194299211,0.16964304162852673
4.67,0.20975708954908542,0.24118373677845098,0.1696538589658655
4.68,0.2097464168349766,0.24118541626808065,0.16966455516072193
4.69,0.20973588480219757,0.24118705866427387,0.16967513151488217
4.7,0.2097254915316124,0.24118866471769373,0.16968558931720007
4.71,0.20971523513132487,0.2411902351644818,0.16969592984370452
4.72,0.20970511373627498,0.24119177072653172,0.1697061543577063
4.73,0.20969512550784195,0.2411932721117581,0.16971626410990448
4.74,0.20968526863345308,0.24119474001436003,0.1697262603384923
4.75,0.20967554132619878,0.24119617511508007,0.1697361442692628
4.76,0.20966594182445356,0.2411975780814582,0.16974591711571368
4.7700000000000005,0.20965646839150276,0.24119894956808105,0.16975558007915198
4.78,0.20964711931517513,0.24120029021682668,0.16976513434879803
4.79,0.20963789290748097,0.24120160065710458,0.16977458110188912
4.8,0.20962878750425584,0.24120288150609143,0.16978392150378252
4.8100000000000005,0.20961980146480982,0.24120413336896224,0.169793156708058
4.82,0.2096109331715821,0.24120535683911745,0.16980228785661997
4.83,0.20960218102980094,0.24120655249840559,0.16981131607979888
4.84,0.20959354346714862,0.2412077209173419,0.16982024249645233
4.8500000000000005,0.20958501893343184,0.24120886265532296,0.1698290682140655
4.86,0.209576605900257,0.24120997826083704,0.16983779432885093
4.87,0.20956830286071043,0.2412110682716709,0.16984642192584815
4.88,0.20956010832904357,0.24121213321511253,0.16985495207902226
4.89,0.2095520208403629,0.24121317360815012,0.1698633858513624
4.9,0.20954403895032475,0.24121418995766733,0.1698717242949793
4.91,0.2095361612348346,0.24121518276063503,0.16987996845120246
4.92,0.209528386289751,0.24121615250429934,0.16988811935067683
4.93,0.20952071273059422,0.24121709966636623,0.16989617801345866
4.94,0.20951313919225895,0.24121802471518267,0.16990414544911103
4.95,0.20950566432873172,0.2412189281099143,0.1699120226567987
4.96,0.20949828681281252,0.24121981030072004,0.16991981062538225
4.97,0.20949100533584056,0.2412206717289232,0.16992751033351192
4.98,0.2094838186074243,0.24122151282717944,0.16993512274972059
4.99,0.2094767253551755,0.2412223340196417,0.1699426488325163
5.0,0.2094697243244475,0.24122313572212198,0.16995008953047425
5.01,0.20946281427807717,0.24122391834225015,0.16995744578232794
5.0200000000000005,0.20945599399613102,0.24122468227962968,0.16996471851706
5.03,0.20944926227565508,0.24122542792599053,0.16997190865399225
5.04,0.20944261793042857,0.24122615566533928,0.1699790171028753
5.05,0.2094360597907212,0.2412268658741063,0.16998604476397733
5.0600000000000005,0.20942958670305434,0.24122755892129025,0.1699929925281725
5.07,0.20942319752996566,0.24122823516859984,0.16999986127702854
5.08,0.20941689114977732,0.24122889497059302,0.17000665188289402
5.09,0.20941066645636777,0.24122953867481345,0.17001336520898466
5.1000000000000005,0.20940452235894688,0.24123016662192448,0.17002000210946935
5.11,0.2093984577818345,0.2412307791458407,0.1700265634295553
5.12,0.20939247166424238,0.24123137657385685,0.1700330500055728
5.13,0.20938656296005936,0.24123195922677446,0.1700394626650593
5.14,0.2093807306376398,0.24123252741902607,0.1700458022268427
5.15,0.20937497367959507,0.24123308145879713,0.17005206950112445
5.16,0.20936929108258848,0.2412336216481456,0.17005826528956158
5.17,0.20936368185713297,0.24123414828311934,0.1700643903853484
5.18,0.209358145027392,0.24123466165387125,0.17007044557329756
5.19,0.20935267963098333,0.24123516204477233,0.1700764316299204
5.2,0.20934728471878594,0.24123564973452252,0.1700823493235068
5.21,0.20934195935474958,0.24123612499625957,0.1700881994142044
5.22,0.2093367026157074,0.2412365880976658,0.17009398265409717
5.23,0.20933151359119112,0.24123703930107276,0.17009969978728345
5.24,0.20932639138324938,0.24123747886356425,0.17010535154995335
5.25,0.20932133510626832,0.24123790703707695,0.1701109386704655
5.26,0.20931634388679524,0.2412383240684996,0.17011646186942334
5.2700000000000005,0.20931141686336457,0.24123873019976996,0.1701219218597506
5.28,0.2093065531863268,0.2412391256679702,0.17012731934676648
5.29,0.20930175201767953,0.2412395107054204,0.17013265502825983
5.3,0.2092970125309014,0.24123988553977022,0.17013792959456323
5.3100000000000005,0.20929233391078836,0.24124025039408892,0.17014314372862605
5.32,0.20928771535329227,0.24124060548695384,0.17014829810608714
5.33,0.2092831560653621,0.24124095103253684,0.1701533933953469
5.34,0.2092786552647873,0.2412412872406895,0.17015843025763877
5.3500000000000005,0.20927421218004372,0.24124161431702645,0.17016340934709998
5.36,0.2092698260501415,0.2412419324630073,0.17016833131084205
5.37,0.20926549612447556,0.24124224187601687,0.17017319678902038
5.38,0.20926122166267808,0.2412425427494441,0.17017800641490344
5.39,0.20925700193447322,0.24124283527275928,0.17018276081494138
5.4,0.20925283621953403,0.2412431196315899,0.17018746060883397
5.41,0.20924872380734144,0.24124339600779518,0.17019210640959803
5.42,0.20924466399704533,0.24124366457953902,0.1701966988236344
5.43,0.2092406560973277,0.24124392552136165,0.17020123845079407
5.44,0.20923669942626777,0.24124417900424988,0.1702057258844441
5.45,0.2092327933112092,0.2412444251957062,0.1702101617115327
5.46,0.20922893708862914,0.24124466425981633,0.17021454651265377
5.47,0.20922513010400928,0.24124489635731558,0.17021888086211118
5.48,0.20922137171170882,0.2412451216456541,0.17022316532798204
5.49,0.20921766127483923,0.2412453402790607,0.17022740047217988
5.5,0.20921399816514094,0.2412455524086055,0.17023158685051692
5.51,0.20921038176286175,0.2412457581822616,0.17023572501276604
5.5200000000000005,0.2092068114566371,0.24124595774496516,0.17023981550272205
5.53,0.20920328664337215,0.24124615123867482,0.1702438588582625
5.54,0.20919980672812533,0.2412463388024297,0.17024785561140793
5.55,0.20919637112399397,0.2412465205724064,0.17025180628838169
5.5600000000000005,0.20919297925200137,0.24124669668197476,0.170255711409669
5.57,0.20918963054098547,0.24124686726175293,0.17025957149007576
5.58,0.20918632442748936,0.24124703243966097,0.1702633870387866
5.59,0.2091830603556533,0.24124719234097372,0.17026715855942257
5.6000000000000005,0.20917983777710816,0.24124734708837256,0.1702708865500982
5.61,0.20917665615087075,0.24124749680199617,0.1702745715034782
5.62,0.2091735149432403,0.24124764159949041,0.1702782139068334
5.63,0.20917041362769676,0.24124778159605717,0.1702818142420965
5.64,0.20916735168480044,0.2412479169045023,0.17028537298591706
5.65,0.20916432860209308,0.2412480476352827,0.17028889060971603
5.66,0.20916134387400045,0.24124817389655243,0.17029236757973992
5.67,0.20915839700173633,0.24124829579420798,0.1702958043571144
5.68,0.20915548749320784,0.24124841343193268,0.17029920139789723
5.69,0.20915261486292222,0.2412485269112403,0.17030255915313106
5.7,0.209149778631895,0.2412486363315177,0.17030587806889544
5.71,0.2091469783275593,0.2412487417900668,0.1703091585863585
5.72,0.20914421348367673,0.24124884338214572,0.17031240114182805
5.73,0.2091414836402493,0.24124894120100907,0.17031560616680233
5.74,0.2091387883434328,0.2412490353379475,0.17031877408802015
5.75,0.2091361271454514,0.24124912588232658,0.1703219053275107
5.76,0.20913349960451344,0.24124921292162482,0.17032500030264283
5.7700000000000005,0.20913090528472844,0.241249296541471,0.17032805942617374
5.78,0.2091283437560253,0.24124937682568084,0.17033108310629744
5.79,0.20912581459407176,0.2412494538562929,0.17033407174669266
5.8,0.209123317380195,0.24124952771360383,0.1703370257465702
5.8100000000000005,0.2091208517013032,0.24124959847620295,0.17033994550072004
5.82,0.2091184171498086,0.2412496662210061,0.17034283139955778
5.83,0.20911601332355131,0.241249731023289,0.17034568382917079
5.84,0.20911363982572434,0.24124979295671978,0.17034850317136385
5.8500000000000005,0.20911129626479982,0.241249852093391,0.17035128980370445
5.86,0.20910898225445618,0.24124990850385108,0.1703540440995675
5.87,0.20910669741350627,0.241249962257135,0.17035676642817973
5.88,0.2091044413658268,0.2412500134207945,0.1703594571546636
5.89,0.20910221374028845,0.2412500620609278,0.17036211664008089
5.9,0.2091000141706873,0.24125010824220852,0.17036474524147566
5.91,0.20909784229567696,0.2412501520279142,0.17036734331191708
5.92,0.20909569775870193,0.24125019347995424,0.17036991120054154
5.93,0.20909358020793167,0.24125023265889733,0.17037244925259465
5.94,0.20909148929619584,0.2412502696239983,0.17037495780947254
5.95,0.2090894246809203,0.2412503044332244,0.17037743720876297
5.96,0.20908738602406407,0.24125033714328134,0.17037988778428603
5.97,0.20908537299205723,0.24125036780963843,0.17038230986613426
5.98,0.20908338525573972,0.24125039648655355,0.17038470378071252
5.99,0.20908142249030084,0.24125042322709753,0.17038706985077756
6.0,0.20907948437521992,0.24125044808317805,0.17038940839547692
6.01,0.20907757059420748,0.24125047110556308,0.17039171973038772
6.0200000000000005,0.20907568083514755,0.2412504923439039,0.1703940041675549
6.03,0.20907381479004059,0.2412505118467576,0.1703962620155292
6.04,0.2090719721549473,0.24125052966160934,0.17039849357940465
6.05,0.20907015262993325,0.24125054583489383,0.1704006991608557
6.0600000000000005,0.20906835591901426,0.24125056041201676,0.17040287905817417
6.07,0.20906658173010254,0.24125057343737563,0.1704050335663055
6.08,0.20906482977495366,0.24125058495438018,0.170407162976885
6.09,0.20906309976911425,0.2412505950054724,0.17040926757827332
6.1000000000000005,0.20906139143187033,0.24125060363214637,0.17041134765559213
6.11,0.20905970448619657,0.24125061087496733,0.17041340349075879
6.12,0.20905803865870606,0.24125061677359072,0.17041543536252118
6.13,0.20905639367960097,0.24125062136678077,0.17041744354649202
6.140000000000001,0.2090547692826238,0.24125062469242858,0.17041942831518267
6.15,0.2090531652050093,0.24125062678757003,0.17042138993803688
6.16,0.20905158118743722,0.2412506276884032,0.170423328681464
6.17,0.2090500169739855,0.24125062743030556,0.17042524480887192
6.18,0.20904847231208434,0.24125062604785083,0.17042713858069963
6.19,0.20904694695247075,0.24125062357482532,0.1704290102544496
6.2,0.20904544064914382,0.2412506200442443,0.17043086008471958
6.21,0.20904395315932062,0.24125061548836765,0.17043268832323435
6.22,0.20904248424339267,0.24125060993871553,0.1704344952188769
6.23,0.2090410336648831,0.24125060342608357,0.1704362810177195
6.24,0.2090396011904044,0.24125059598055779,0.1704380459630542
6.25,0.20903818658961662,0.24125058763152932,0.17043979029542342
6.26,0.20903678963518632,0.24125057840770867,0.17044151425264978
6.2700000000000005,0.2090354101027461,0.24125056833713984,0.17044321806986587
6.28,0.20903404777085452,0.2412505574472142,0.17044490197954376
6.29,0.20903270242095684,0.24125054576468388,0.170446566211524
6.3,0.20903137383734602,0.2412505333156752,0.17044821099304447
6.3100000000000005,0.20903006180712455,0.24125052012570153,0.17044983654876897
6.32,0.2090287661201666,0.24125050621967614,0.17045144310081534
6.33,0.20902748656908077,0.2412504916219247,0.17045303086878347
6.34,0.2090262229491734,0.24125047635619745,0.17045460006978294
6.3500000000000005,0.2090249750584123,0.2412504604456813,0.17045615091846034
6.36,0.20902374269739118,0.2412504439130116,0.17045768362702637
6.37,0.20902252566929427,0.24125042678028366,0.17045919840528262
6.38,0.20902132377986168,0.2412504090690641,0.1704606954606481
6.390000000000001,0.20902013683735515,0.24125039080040186,0.17046217499818545
6.4,0.20901896465252434,0.24125037199483929,0.17046363722062696
6.41,0.20901780703857345,0.2412503526724225,0.17046508232840024
6.42,0.2090166638111284,0.2412503328527121,0.1704665105196536
6.43,0.20901553478820456,0.24125031255479332,0.17046792199028132
6.44,0.2090144197901747,0.241250291797286,0.1704693169339484
6.45,0.20901331863973757,0.24125027059835452,0.1704706955421153
6.46,0.20901223116188683,0.24125024897571748,0.17047205800406232
6.47,0.20901115718388047,0.24125022694665704,0.17047340450691362
6.48,0.20901009653521055,0.2412502045280283,0.17047473523566126
6.49,0.2090090490475735,0.24125018173626833,0.17047605037318866
6.5,0.2090080145548407,0.24125015858740506,0.17047735010029405
6.51,0.20900699289302954,0.24125013509706608,0.17047863459571355
6.5200000000000005,0.20900598390027486,0.24125011128048712,0.17047990403614408
6.53,0.20900498741680082,0.2412500871525205,0.17048115859626597
6.54,0.20900400328489305,0.2412500627276433,0.17048239844876542
6.55,0.2090030313488713,0.24125003801996542,0.17048362376435655
6.5600000000000005,0.20900207145506244,0.24125001304323748,0.17048483471180342
6.57,0.2090011234517738,0.2412499878108586,0.1704860314579417
6.58,0.20900018718926683,0.24124996233588392,0.17048721416770007
6.59,0.20899926251973133,0.24124993663103203,0.17048838300412156
6.6000000000000005,0.20899834929725974,0.24124991070869228,0.1704895381283845
6.61,0.20899744737782203,0.24124988458093194,0.17049067969982326
6.62,0.20899655661924077,0.24124985825950312,0.17049180787594892
6.63,0.20899567688116666,0.24124983175584966,0.17049292281246953
6.640000000000001,0.20899480802505427,0.24124980508111388,0.17049402466331026
6.65,0.2089939499141383,0.24124977824614308,0.17049511358063332
6.66,0.20899310241340996,0.24124975126149606,0.17049618971485767
6.67,0.20899226538959376,0.24124972413744938,0.17049725321467846
6.68,0.2089914387111247,0.24124969688400363,0.17049830422708634
6.69,0.20899062224812562,0.2412496695108894,0.17049934289738655
6.7,0.20898981587238497,0.2412496420275732,0.17050036936921778
6.71,0.2089890194573348,0.2412496144432635,0.17050138378457083
6.72,0.20898823287802923,0.24124958676691619,0.17050238628380704
6.73,0.20898745601112287,0.2412495590072402,0.1705033770056766
6.74,0.2089866887348499,0.24124953117270317,0.17050435608733663
6.75,0.20898593092900328,0.24124950327153658,0.170505323664369
6.76,0.20898518247491413,0.24124947531174112,0.17050627987079806
6.7700000000000005,0.20898444325543164,0.24124944730109188,0.1705072248391081
6.78,0.20898371315490302,0.2412494192471433,0.1705081587002607
6.79,0.20898299205915385,0.24124939115723415,0.17050908158371178
6.8,0.20898227985546866,0.24124936303849237,0.17050999361742858
6.8100000000000005,0.20898157643257181,0.24124933489783984,0.17051089492790636
6.82,0.20898088168060858,0.241249306741997,0.17051178564018504
6.83,0.2089801954911265,0.24124927857748735,0.17051266587786554
6.84,0.20897951775705706,0.24124925041064202,0.17051353576312595
6.8500000000000005,0.20897884837269745,0.24124922224760403,0.1705143954167376
6.86,0.20897818723369282,0.24124919409433268,0.17051524495808099
6.87,0.2089775342370185,0.2412491659566076,0.17051608450516134
6.88,0.2089768892809627,0.24124913784003293,0.17051691417462417
6.890000000000001,0.20897625226510924,0.2412491097500414,0.17051773408177068
6.9,0.20897562309032072,0.24124908169189813,0.1705185443405729
6.91,0.20897500165872174,0.24124905367070457,0.17051934506368865
6.92,0.20897438787368242,0.24124902569140227,0.17052013636247648
6.93,0.20897378163980215,0.24124899775877656,0.17052091834701033
6.94,0.20897318286289357,0.2412489698774602,0.17052169112609397
6.95,0.20897259144996672,0.24124894205193684,0.17052245480727554
6.96,0.2089720073092134,0.24124891428654463,0.1705232094968616
6.97,0.2089714303499918,0.2412488865854795,0.17052395529993122
6.98,0.20897086048281135,0.24124885895279854,0.17052469232035
6.99,0.20897029761931765,0.2412488313924233,0.17052542066078366
7.0,0.2089697416722777,0.2412488039081429,0.17052614042271172
7.01,0.2089691925555653,0.2412487765036172,0.17052685170644094
7.0200000000000005,0.20896865018414673,0.24124874918237985,0.17052755461111863
7.03,0.20896811447406646,0.24124872194784128,0.17052824923474577
7.04,0.2089675853424332,0.2412486948032917,0.17052893567419009
7.05,0.208967062707406,0.24124866775190387,0.1705296140251988
7.0600000000000005,0.2089665464881807,0.24124864079673597,0.17053028438241152
7.07,0.2089660366049764,0.24124861394073438,0.17053094683937267
7.08,0.20896553297902226,0.2412485871867363,0.17053160148854402
7.09,0.20896503553254434,0.24124856053747248,0.17053224842131698
7.1000000000000005,0.20896454418875268,0.2412485339955697,0.17053288772802477
7.11,0.20896405887182862,0.24124850756355337,0.17053351949795448
7.12,0.20896357950691213,0.24124848124385,0.1705341438193589
7.13,0.20896310602008944,0.24124845503878964,0.17053476077946847
7.140000000000001,0.20896263833838077,0.24124842895060813,0.17053537046450268
7.15,0.20896217638972833,0.24124840298144962,0.1705359729596818
7.16,0.2089617201029843,0.24124837713336864,0.1705365683492381
7.17,0.2089612694078991,0.24124835140833248,0.1705371567164273
7.18,0.20896082423510978,0.2412483258082233,0.1705377381435395
7.19,0.2089603845161286,0.24124830033484027,0.17053831271191036
7.2,0.20895995018333172,0.24124827498990156,0.17053888050193186
7.21,0.20895952116994798,0.2412482497750466,0.17053944159306322
7.22,0.208959097410048,0.24124822469183788,0.1705399960638414
7.23,0.2089586788385333,0.24124819974176293,0.17054054399189172
7.24,0.20895826539112555,0.24124817492623632,0.17054108545393826
7.25,0.208957857004356,0.24124815024660146,0.17054162052581412
7.26,0.20895745361555515,0.24124812570413243,0.17054214928247172
7.2700000000000005,0.20895705516284227,0.24124810130003582,0.17054267179799268
7.28,0.20895666158511547,0.24124807703545242,0.170543188145598
7.29,0.20895627282204152,0.24124805291145898,0.17054369839765768
7.3,0.20895588881404603,0.24124802892906985,0.17054420262570066
7.3100000000000005,0.2089555095023037,0.24124800508923863,0.17054470090042437
7.32,0.20895513482872868,0.2412479813928598,0.17054519329170417
7.33,0.208954764735965,0.24124795784077022,0.17054567986860295
7.34,0.20895439916737732,0.24124793443375075,0.17054616069938022
7.3500000000000005,0.20895403806704163,0.24124791117252775,0.17054663585150148
7.36,0.20895368137973608,0.24124788805777442,0.1705471053916473
7.37,0.20895332905093203,0.24124786509011237,0.17054756938572227
7.38,0.20895298102678514,0.241247842270113,0.1705480278988639
7.390000000000001,0.20895263725412658,0.24124781959829883,0.17054848099545147
7.4,0.20895229768045442,0.24124779707514485,0.17054892873911473
7.41,0.20895196225392504,0.2412477747010799,0.17054937119274244
7.42,0.20895163092334473,0.2412477524764878,0.17054980841849093
7.43,0.2089513036381614,0.24124773040170885,0.17055024047779252
7.44,0.20895098034845624,0.2412477084770408,0.17055066743136382
7.45,0.2089506610049358,0.2412476867027402,0.17055108933921395
7.46,0.2089503455589239,0.24124766507902348,0.17055150626065269
7.47,0.20895003396235368,0.2412476436060683,0.17055191825429847
7.48,0.20894972616775997,0.24124762228401433,0.17055232537808643
7.49,0.2089494221282715,0.24124760111296473,0.17055272768927615
7.5,0.20894912179760328,0.24124758009298689,0.1705531252444595
7.51,0.20894882513004923,0.24124755922411367,0.17055351809956837
7.5200000000000005,0.20894853208047473,0.24124753850634437,0.17055390630988213
7.53,0.20894824260430936,0.24124751793964572,0.17055428993003524
7.54,0.20894795665753962,0.24124749752395286,0.1705546690140247
7.55,0.208947674196702,0.2412474772591703,0.17055504361521728
7.5600000000000005,0.20894739517887573,0.24124745714517293,0.17055541378635694
7.57,0.20894711956167614,0.24124743718180672,0.17055577957957185
7.58,0.20894684730324764,0.24124741736888983,0.17055614104638164
7.59,0.20894657836225705,0.2412473977062134,0.17055649823770427
7.6000000000000005,0.20894631269788694,0.24124737819354236,0.1705568512038631
7.61,0.20894605026982913,0.24124735883061632,0.17055719999459365
7.62,0.2089457910382781,0.24124733961715034,0.17055754465905043
7.63,0.2089455349639247,0.24124732055283576,0.17055788524581367
7.640000000000001,0.20894528200794982,0.24124730163734096,0.1705582218028959
7.65,0.20894503213201812,0.24124728287031205,0.17055855437774853
7.66,0.20894478529827196,0.24124726425137374,0.17055888301726832
7.67,0.20894454146932526,0.24124724578012993,0.1705592077678038
7.68,0.20894430060825755,0.2412472274561645,0.1705595286751616
7.69,0.2089440626786081,0.24124720927904197,0.17055984578461275
7.7,0.20894382764437003,0.24124719124830815,0.17056015914089875
7.71,0.20894359546998456,0.2412471733634908,0.17056046878823786
7.72,0.20894336612033537,0.24124715562410035,0.17056077477033102
7.73,0.20894313956074298,0.24124713802963035,0.17056107713036792
7.74,0.20894291575695922,0.2412471205795583,0.17056137591103285
7.75,0.20894269467516172,0.24124710327334603,0.1705616711545106
7.76,0.2089424762819486,0.24124708611044043,0.17056196290249218
7.7700000000000005,0.20894226054433307,0.24124706909027396,0.17056225119618063
7.78,0.20894204742973826,0.2412470522122652,0.17056253607629657
7.79,0.20894183690599197,0.24124703547581935,0.17056281758308384
7.8,0.20894162894132157,0.2412470188803289,0.17056309575631504
7.8100000000000005,0.20894142350434897,0.24124700242517397,0.17056337063529692
7.82,0.2089412205640856,0.24124698610972287,0.17056364225887588
7.83,0.20894102008992754,0.24124696993333264,0.17056391066544324
7.84,0.20894082205165065,0.24124695389534948,0.1705641758929405
7.8500000000000005,0.20894062641940572,0.2412469379951092,0.1705644379788646
7.86,0.20894043316371377,0.24124692223193775,0.17056469696027307
7.87,0.20894024225546146,0.2412469066051515,0.17056495287378906
7.88,0.20894005366589632,0.24124689111405784,0.17056520575560652
7.890000000000001,0.20893986736662234,0.24124687575795553,0.17056545564149503
7.9,0.20893968332959542,0.2412468605361351,0.1705657025668048
7.91,0.2089395015271189,0.24124684544787922,0.17056594656647162
7.92,0.20893932193183928,0.2412468304924632,0.17056618767502144
7.930000000000001,0.2089391445167418,0.24124681566915523,0.17056642592657534
7.94,0.20893896925514627,0.24124680097721682,0.1705666613548542
7.95,0.2089387961207027,0.24124678641590316,0.17056689399318328
7.96,0.20893862508738734,0.24124677198446348,0.17056712387449682
7.97,0.20893845612949843,0.24124675768214132,0.17056735103134268
7.98,0.20893828922165228,0.24124674350817496,0.17056757549588672
7.99,0.20893812433877912,0.24124672946179765,0.17056779729991728
8.0,0.2089379614561193,0.24124671554223798,0.17056801647484962
8.01,0.20893780054921923,0.24124670174872015,0.1705682330517302
8.02,0.20893764159392775,0.24124668808046434,0.17056844706124094
8.03,0.20893748456639213,0.2412466745366869,0.1705686585337036
8.040000000000001,0.20893732944305443,0.24124666111660073,0.17056886749908376
8.05,0.20893717620064778,0.24124664781941543,0.1705690739869952
8.06,0.2089370248161927,0.24124663464433768,0.1705692780267038
8.07,0.20893687526699356,0.24124662159057148,0.17056947964713168
8.08,0.20893672753063494,0.24124660865731834,0.1705696788768612
8.09,0.2089365815849782,0.2412465958437776,0.17056987574413893
8.1,0.20893643740815787,0.24124658314914663,0.17057007027687948
8.11,0.20893629497857844,0.24124657057262103,0.1705702625026695
8.120000000000001,0.2089361542749108,0.24124655811339493,0.17057045244877134
8.13,0.208936015276089,0.24124654577066118,0.17057064014212697
8.14,0.20893587796130683,0.2412465335436115,0.17057082560936165
8.15,0.20893574231001477,0.2412465214314368,0.17057100887678767
8.16,0.2089356083019166,0.24124650943332726,0.17057118997040785
8.17,0.20893547591696632,0.2412464975484726,0.17057136891591937
8.18,0.208935345135365,0.2412464857760623,0.17057154573871716
8.19,0.20893521593755765,0.24124647411528571,0.1705717204638975
8.2,0.20893508830423027,0.24124646256533222,0.17057189311626153
8.21,0.2089349622163067,0.24124645112539148,0.1705720637203186
8.22,0.20893483765494578,0.24124643979465357,0.17057223230028976
8.23,0.20893471460153834,0.24124642857230919,0.17057239888011108
8.24,0.2089345930377043,0.24124641745754966,0.170572563483437
8.25,0.20893447294528988,0.2412464064495673,0.1705727261336436
8.26,0.20893435430636467,0.2412463955475554,0.1705728868538319
8.27,0.20893423710321893,0.24124638475070842,0.17057304566683096
8.28,0.2089341213183608,0.2412463740582222,0.1705732025952012
8.290000000000001,0.20893400693451358,0.24124636346929393,0.1705733576612374
8.3,0.20893389393461304,0.2412463529831225,0.17057351088697192
8.31,0.2089337823018048,0.2412463425989084,0.1705736622941777
8.32,0.20893367201944169,0.24124633231585402,0.1705738119043713
8.33,0.20893356307108119,0.24124632213316363,0.17057395973881587
8.34,0.20893345544048286,0.24124631205004363,0.17057410581852422
8.35,0.20893334911160583,0.24124630206570252,0.17057425016426164
8.36,0.20893324406860628,0.24124629217935115,0.17057439279654882
8.370000000000001,0.20893314029583507,0.24124628239020265,0.1705745337356647
8.38,0.20893303777783526,0.24124627269747273,0.17057467300164933
8.39,0.20893293649933967,0.24124626310037958,0.17057481061430665
8.4,0.20893283644526867,0.2412462535981441,0.1705749465932073
8.41,0.20893273760072764,0.24124624418998994,0.1705750809576912
8.42,0.2089326399510049,0.24124623487514357,0.1705752137268704
8.43,0.2089325434815692,0.2412462256528344,0.17057534491963172
8.44,0.2089324481780677,0.24124621652229483,0.17057547455463934
8.45,0.20893235402632354,0.24124620748276032,0.17057560265033742
8.46,0.20893226101233386,0.24124619853346949,0.1705757292249527
8.47,0.2089321691222675,0.24124618967366418,0.17057585429649705
8.48,0.20893207834246288,0.2412461809025895,0.17057597788276993
8.49,0.20893198865942597,0.24124617221949396,0.17057610000136092
8.5,0.2089319000598281,0.24124616362362944,0.1705762206696522
8.51,0.208931812530504,0.2412461551142513,0.17057633990482093
8.52,0.20893172605844978,0.24124614669061842,0.17057645772384172
8.53,0.20893164063082084,0.2412461383519933,0.1705765741434889
8.540000000000001,0.20893155623492995,0.24124613009764204,0.17057668918033894
8.55,0.20893147285824532,0.24124612192683442,0.17057680285077279
8.56,0.2089313904883886,0.241246113838844,0.1705769151709781
8.57,0.20893130911313307,0.2412461058329481,0.17057702615695153
8.58,0.20893122872040168,0.24124609790842783,0.170577135824501
8.59,0.20893114929826526,0.2412460900645682,0.1705772441892479
8.6,0.20893107083494064,0.24124608230065814,0.17057735126662923
8.61,0.20893099331878887,0.24124607461599049,0.1705774570718998
8.620000000000001,0.20893091673831338,0.24124606700986204,0.1705775616201344
8.63,0.20893084108215834,0.24124605948157365,0.1705776649262298
8.64,0.2089307663391068,0.24124605203043017,0.170577767004907
8.65,0.208930692498079,0.24124604465574057,0.17057786787071316
8.66,0.20893061954813072,0.24124603735681785,0.17057796753802368
8.67,0.20893054747845152,0.24124603013297918,0.17057806602104425
8.68,0.20893047627836317,0.2412460229835459,0.17057816333381282
8.69,0.20893040593731796,0.24124601590784345,0.17057825949020153
8.700000000000001,0.20893033644489714,0.2412460089052015,0.17057835450391873
8.71,0.20893026779080925,0.24124600197495397,0.17057844838851083
8.72,0.2089301999648886,0.24124599511643896,0.17057854115736423
8.73,0.20893013295709373,0.24124598832899882,0.17057863282370728
8.74,0.2089300667575058,0.24124598161198016,0.17057872340061195
8.75,0.2089300013563272,0.24124597496473388,0.17057881290099586
8.76,0.20892993674387988,0.2412459683866152,0.170578901337624
8.77,0.20892987291060408,0.24124596187698355,0.1705789887231105
8.78,0.2089298098470567,0.24124595543520277,0.17057907506992048
8.790000000000001,0.20892974754390992,0.24124594906064095,0.17057916039037174
8.8,0.2089296859919498,0.24124594275267056,0.1705792446966365
8.81,0.2089296251820749,0.24124593651066834,0.1705793280007431
8.82,0.20892956510529476,0.2412459303340154,0.1705794103145778
8.83,0.20892950575272867,0.2412459242220972,0.17057949164988628
8.84,0.2089294471156043,0.24124591817430358,0.17057957201827542
8.85,0.20892938918525625,0.2412459121900286,0.1705796514312149
8.86,0.20892933195312488,0.24124590626867085,0.17057972990003872
8.870000000000001,0.20892927541075493,0.24124590040963312,0.17057980743594697
8.88,0.2089292195497942,0.2412458946123226,0.17057988405000726
8.89,0.2089291643619924,0.24124588887615084,0.17057995975315637
8.9,0.2089291098391998,0.24124588320053372,0.17058003455620172
8.91,0.20892905597336595,0.24124587758489147,0.1705801084698229
8.92,0.20892900275653858,0.24124587202864864,0.17058018150457327
8.93,0.20892895018086233,0.24124586653123412,0.1705802536708813
8.94,0.20892889823857752,0.24124586109208113,0.17058032497905218
8.950000000000001,0.20892884692201905,0.2412458557106272,0.17058039543926914
8.96,0.20892879622361515,0.2412458503863142,0.17058046506159497
8.97,0.20892874613588636,0.2412458451185882,0.1705805338559734
8.98,0.20892869665144426,0.24124583990689974,0.1705806018322306
8.99,0.20892864776299042,0.2412458347507035,0.17058066900007635
9.0,0.20892859946331527,0.24124582964945848,0.17058073536910565
9.01,0.208928551745297,0.24124582460262797,0.17058080094879993
9.02,0.20892850460190057,0.24124581960967947,0.1705808657485284
9.03,0.2089284580261765,0.24124581467008477,0.17058092977754943
9.040000000000001,0.2089284120112599,0.24124580978331983,0.17058099304501181
9.05,0.20892836655036942,0.24124580494886488,0.170581055559956
9.06,0.20892832163680627,0.2412458001662043,0.17058111733131553
9.07,0.20892827726395316,0.24124579543482674,0.17058117836791817
9.08,0.20892823342527322,0.24124579075422492,0.17058123867848715
9.09,0.2089281901143092,0.2412457861238958,0.17058129827164248
9.1,0.2089281473246823,0.24124578154334045,0.17058135715590209
9.11,0.20892810505009135,0.24124577701206407,0.17058141533968307
9.120000000000001,0.2089280632843118,0.24124577252957596,0.17058147283130287
9.13,0.20892802202119473,0.24124576809538953,0.17058152963898046
9.14,0.20892798125466605,0.24124576370902226,0.17058158577083746
9.15,0.20892794097872544,0.24124575936999573,0.17058164123489933
9.16,0.20892790118744556,0.2412457550778355,0.1705816960390965
9.17,0.2089278618749711,0.2412457508320712,0.17058175019126548
9.18,0.20892782303551785,0.24124574663223644,0.17058180369914994
9.19,0.20892778466337195,0.2412457424778688,0.17058185657040187
9.200000000000001,0.20892774675288892,0.2412457383685099,0.17058190881258262
9.21,0.2089277092984929,0.24124573430370524,0.17058196043316393
9.22,0.20892767229467568,0.2412457302830043,0.17058201143952909
9.23,0.20892763573599604,0.24124572630596042,0.17058206183897387
9.24,0.2089275996170788,0.24124572237213085,0.17058211163870765
9.25,0.20892756393261405,0.2412457184810767,0.1705821608458544
9.26,0.20892752867735634,0.24124571463236297,0.17058220946745362
9.27,0.20892749384612394,0.24124571082555843,0.17058225751046147
9.28,0.208927459433798,0.24124570706023568,0.17058230498175167
9.290000000000001,0.2089274254353218,0.24124570333597115,0.17058235188811646
9.3,0.20892739184570003,0.24124569965234494,0.1705823982362676
9.31,0.20892735865999795,0.24124569600894097,0.17058244403283734
9.32,0.20892732587334076,0.24124569240534685,0.17058248928437927
9.33,0.20892729348091274,0.2412456888411539,0.17058253399736936
9.34,0.20892726147795668,0.2412456853159571,0.1705825781782068
9.35,0.20892722985977302,0.24124568182935513,0.1705826218332149
9.36,0.2089271986217192,0.2412456783809502,0.17058266496864208
9.370000000000001,0.20892716775920905,0.24124567497034824,0.17058270759066266
9.38,0.20892713726771192,0.24124567159715873,0.17058274970537773
9.39,0.20892710714275217,0.2412456682609947,0.17058279131881612
9.4,0.2089270773799084,0.2412456649614727,0.17058283243693512
9.41,0.20892704797481285,0.24124566169821288,0.17058287306562142
9.42,0.20892701892315066,0.2412456584708388,0.1705829132106919
9.43,0.2089269902206593,0.2412456552789775,0.17058295287789452
9.44,0.20892696186312792,0.24124565212225957,0.17058299207290897
9.450000000000001,0.20892693384639668,0.24124564900031892,0.17058303080134768
9.46,0.2089269061663562,0.24124564591279288,0.1705830690687565
9.47,0.20892687881894684,0.2412456428593222,0.1705831068806155
9.48,0.20892685180015816,0.24124563983955097,0.17058314424233978
9.49,0.20892682510602836,0.2412456368531266,0.1705831811592802
9.5,0.20892679873264358,0.24124563389969983,0.17058321763672413
9.51,0.2089267726761374,0.24124563097892468,0.17058325367989627
9.52,0.20892674693269023,0.24124562809045844,0.17058328929395933
9.53,0.2089267214985287,0.24124562523396162,0.17058332448401475
9.540000000000001,0.20892669636992522,0.24124562240909797,0.17058335925510348
9.55,0.20892667154319727,0.24124561961553442,0.1705833936122067
9.56,0.20892664701470692,0.24124561685294107,0.17058342756024641
9.57,0.20892662278086033,0.24124561412099121,0.17058346110408631
9.58,0.20892659883810713,0.2412456114193612,0.1705834942485323
9.59,0.20892657518293994,0.24124560874773052,0.17058352699833335
9.6,0.20892655181189385,0.24124560610578172,0.170583559358182
9.61,0.20892652872154585,0.24124560349320043,0.1705835913327152
9.620000000000001,0.2089265059085144,0.24124560090967528,0.17058362292651477
9.63,0.20892648336945882,0.24124559835489795,0.17058365414410823
9.64,0.20892646110107896,0.24124559582856306,0.17058368498996934
9.65,0.2089264391001145,0.2412455933303682,0.1705837154685188
9.66,0.20892641736334458,0.24124559086001393,0.1705837455841248
9.67,0.20892639588758732,0.2412455884172037,0.17058377534110372
9.68,0.20892637466969938,0.24124558600164386,0.17058380474372067
9.69,0.20892635370657534,0.24124558361304363,0.1705838337961902
9.700000000000001,0.2089263329951474,0.24124558125111506,0.17058386250267674
9.71,0.20892631253238486,0.24124557891557305,0.1705838908672954
9.72,0.20892629231529367,0.2412455766061353,0.17058391889411234
9.73,0.20892627234091596,0.24124557432252228,0.1705839465871455
9.74,0.20892625260632963,0.24124557206445724,0.17058397395036512
9.75,0.2089262331086479,0.24124556983166612,0.1705840009876943
9.76,0.20892621384501897,0.2412455676238776,0.17058402770300954
9.77,0.20892619481262537,0.24124556544082307,0.17058405410014132
9.78,0.2089261760086838,0.24124556328223654,0.1705840801828747
9.790000000000001,0.20892615743044454,0.24124556114785467,0.17058410595494972
9.8,0.20892613907519111,0.24124555903741682,0.17058413142006204
9.81,0.2089261209402399,0.24124555695066485,0.17058415658186346
9.82,0.20892610302293968,0.24124555488734328,0.17058418144396237
9.83,0.20892608532067125,0.24124555284719915,0.17058420600992436
9.84,0.2089260678308471,0.241245550829982,0.1705842302832726
9.85,0.20892605055091096,0.24124554883544397,0.17058425426748852
9.86,0.2089260334783374,0.24124554686333963,0.1705842779660121
9.870000000000001,0.20892601661063157,0.24124554491342606,0.17058430138224256
9.88,0.20892599994532868,0.24124554298546275,0.17058432451953867
9.89,0.20892598347999375,0.24124554107921165,0.17058434738121933
9.9,0.2089259672122212,0.24124553919443711,0.17058436997056403
9.91,0.2089259511396345,0.2412455373309059,0.17058439229081332
9.92,0.2089259352598858,0.24124553548838706,0.17058441434516922
9.93,0.2089259195706556,0.2412455336666521,0.17058443613679572
9.94,0.20892590406965245,0.2412455318654748,0.17058445766881924
9.950000000000001,0.20892588875461252,0.24124553008463118,0.17058447894432907
9.96,0.20892587362329929,0.24124552832389964,0.17058449996637776
9.97,0.2089258586735033,0.24124552658306084,0.17058452073798158
9.98,0.2089258439030417,0.24124552486189763,0.17058454126212105
9.99,0.208925829309758,0.2412455231601951,0.1705845615417412
10.0,0.2089258148915218,0.24124552147774056,0.1705845815797521
