time,phase_A,phase_B,phase_C
0.0,0.0,2.0,4.0
0.01,0.025158738555281925,2.0039256205853944,4.001115640859323
0.02,0.05055381770034572,2.0076926211955946,4.002153561104059
0.03,0.07618251781479063,2.0113058151690417,4.003111667016167
0.04,0.10204154085758405,2.014770661398196,4.0039877977442195
0.05,0.1281269968967073,2.0180932753282126,4.00477972777508
0.06,0.15443439394045647,2.0212804362177303,4.005485169841814
0.07,0.1809586314186833,2.0243395903015555,4.006101778279762
0.08,0.2076939976391968,2.0272788495202287,4.006627152840575
0.09,0.23463417151282626,2.0301069855155176,4.007058842971657
0.1,0.26177222880011286,2.0328334186338517,4.0073943525660365
0.11,0.28910065308334876,2.0354682017315056,4.0076311451851465
0.12,0.316611351610109,2.0380219986354966,4.007766649754395
0.13,0.34429567608922645,2.0405060571819655,4.007798266728809
0.14,0.3721444484483631,2.042932176828169,4.007723374723469
0.15,0.40014799148527097,2.0453126709137814,4.0075393376009485
0.16,0.4282961642641415,2.047660323730282,4.007243512005577
0.17,0.4565784020259989,2.049988342641905,4.006833255332097
0.18,0.4849837602999914,2.0523103055858,4.006305934114209
0.19,0.5135009628228923,2.054640104360509,4.0056589328165995
0.2,0.5421184527994148,2.056991884188257,4.004889663012329
0.21,0.5708244469683088,2.0593799801057115,4.00399557292598
0.22,0.5996069918807396,2.0618188507976645,4.002974157321597
0.23,0.6284540217500465,2.064323010536665,4.00182296771329
0.24,0.6573534171971873,2.0669069599274854,4.000539622875328
0.25,0.6862930641952087,2.069585116177252,3.99912181962754
0.26,0.7152609125096613,2.072371743619444,3.9975673438708954
0.27,0.7442450329402845,2.0752808852125653,3.995874081847151
0.28,0.773233672692288,2.078326295712355,3.994040031595358
0.29,0.8022153082424353,2.0815213771807914,3.9920633145767748
0.3,0.8311786951147472,2.08487911744696,3.9899421874382943
0.31,0.8601129140414167,2.0884120320758184,3.9876750538827666
0.32,0.8890074130545887,2.0921321103328347,3.985260476612578
0.33,0.9178520451319007,2.0960507655576164,3.9826971893104846
0.34,0.9466371011008211,2.100178790280208,3.9799841086189724
0.35000000000000003,0.9753533375915779,2.104526316332083,3.9771203460763407
0.36,1.0039919999135416,2.109102780122201,3.974105219964259
0.37,1.032544839813206,2.1139168931689905,3.970938267017805
0.38,1.0610041281514293,2.1189766179036136,3.967619253944959
0.39,1.0893626626116892,2.1242891486900204,3.964148188698292
0.4,1.1176137706183806,2.129860897944389,3.960525331437232
0.41000000000000003,1.1457513077035684,2.1356974871815573,3.956751205114876
0.42,1.1737696516113816,2.1418037427696093,3.9528266056190104
0.43,1.2016636924709665,2.1481836961361696,3.9487526113928655
0.44,1.229428819401499,2.1548405881411843,3.944530592457318
0.45,1.2570609039363387,2.161776877310738,3.9401622187529246
0.46,1.2845562806683715,2.1689942516142353,3.9356494677173948
0.47000000000000003,1.311911725525504,2.1764936434623854,3.9309946310121124
0.48,1.3391244320848554,2.1842752476049907,3.9262003203101554
0.49,1.3661919863272516,2.1923385416146335,3.9212694720581163
0.5,1.3931123402210321,2.2006823086539717,3.9162053511249977
0.51,1.419883784506838,2.209304662239514,3.91101155325365
0.52,1.446504921033818,2.2182030727324538,3.9056920062337297
0.53,1.472974634973453,2.227374395306496,3.9002509697200525
0.54,1.4992920672107155,2.236814899162753,3.894693033626533
0.55,1.5254565871843044,2.246520297782003,3.889023115033694
0.56,1.5514677664188496,2.2564857800242195,3.883246453556932
0.5700000000000001,1.5773253529628481,2.266706041903802,3.877368605133351
0.58,1.603029246917138,2.277175318885945,3.871395434196918
0.59,1.628579477210351,2.2878874185647806,3.8653331042248693
0.6,1.6539761797503274,2.298835753597145,3.8591880666525284
0.61,1.6792195770541862,2.310013374776947,3.852967048168868
0.62,1.7043099594348157,2.3214130041441954,3.8466770364209903
0.63,1.7292476677981286,2.3330270680298257,3.840325264172047
0.64,1.7540330780836133,2.344847729942729,3.8339191919736586
0.65,1.7786665873605618,2.356866923209043,3.827466489430396
0.66,1.8031486015739149,2.3690763832760484,3.820975015150038
0.67,1.827479524916935,2.3814676795942185,3.814452795488848
0.68,1.8516597507928894,2.3940322469913995,3.8079080022157124
0.6900000000000001,1.8756896543145878,2.4067614164530338,3.8013489292323794
0.7000000000000001,1.8995695862789341,2.4196464452221007,3.794783968498966
0.71,1.9232998685435736,2.432678546132308,3.7882215853241195
0.72,1.9468807907242194,2.445848916088276,3.7816702931875055
0.73,1.9703126081242535,2.459148763607247,3.7751386282685004
0.74,1.9935955408026764,2.4725693353384113,3.768635123858913
0.75,2.0167297736823593,2.486101941478417,3.7621682848392246
0.76,2.0397154575977714,2.499737980005119,3.755746562397111
0.77,2.062552711179846,2.513468959656183,3.749378329163972
0.78,2.0852416234753224,2.527286521584828,3.7430718549398505
0.79,2.107782257198702,2.541182459631683,3.7368352831696154
0.8,2.1301746525167724,2.55514873915946,3.7306766083237686
0.81,2.152418831268413,2.569177514405722,3.724603654325866
0.8200000000000001,2.1745148015259947,2.5832611443183944,3.7186240541556117
0.8300000000000001,2.196462562409024,2.597392206848603,3.7127452307423736
0.84,2.2182621090656665,2.6115635116858207,3.7069743792485133
0.85,2.239913437743291,2.625768111430934,3.701318450825775
0.86,2.261416550875136,2.639999311213524,3.6957841379113403
0.87,2.2827714621164583,2.6542506767702227,3.6903778611133187
0.88,2.30397820127004,2.6685160410112774,3.6851057577186825
0.89,2.3250368190475394,2.6827895091122205,3.6799736718402403
0.9,2.345947391619855,2.697065462176734,3.674987146203411
0.91,2.3667100249162685,2.711338559525207,3.6701514155585246
0.92,2.3873248586386184,2.7256037396710404,3.665471401690341
0.93,2.407792069963041,2.739856220053386,3.6609517099835736
0.9400000000000001,2.42811187690782,2.7540914956006093,3.656596627491571
0.9500000000000001,2.4482845413515983,2.7683053362033596,3.6524101224450427
0.96,2.468310371691519,2.782493783179646,3.6483958451288356
0.97,2.488189725135824,2.7966531448168177,3.644557130047359
0.98,2.507923009629942,2.810779991076806,3.6408969992932527
0.99,2.527510685419176,2.824871147551505,3.63741816702932
1.0,2.5469532662547394,2.8389236887547487,3.6341230449905133
1.01,2.566251320253064,2.852934930836111,3.631013748910826
1.02,2.5854054704210525,2.8669024237997545,3.628092105779194
1.03,2.6044163948622514,2.880823943308881,3.625359661828868
1.04,2.623284826680826,2.8946974821531075,3.622817691166067
1.05,2.6420115536017232,2.9085212414523363,3.620467204945941
1.06,2.660597417326545,2.9222936216665834,3.6183089610068726
1.07,2.679043312645461,2.9360132134767847,3.6163434738777553
1.08,2.6973501863259766,2.949678788596943,3.6145710250770815
1.09,2.715519035799575,2.963289290573192,3.6129916736272345
1.1,2.7335509076672238,2.9768438256204734,3.6116052667123038
1.11,2.7514468960444636,2.9903416535426697,3.610411450412868
1.12,2.769208140766348,3.0037821787771977,3.6094096804564555
1.1300000000000001,2.7868358254718935,3.0171649416003845,3.6085992329277228
1.1400000000000001,2.8043311755869476,3.030489609525367,3.6079792148876866
1.1500000000000001,2.8216954562235186,3.04375596891989,3.6075485748565925
1.16,2.8389299700126833,3.0569639168672227,3.607306113120095
1.17,2.8560360548871646,3.070113453289479,3.607250491823357
1.18,2.873015081828627,3.083204673348969,3.607380244822405
1.19,2.8898684525936598,3.0962377601397937,3.6076937872665473
1.2,2.9065975974313227,3.1092129776787663,3.6081894248899116
1.21,2.9232039728040484,3.122130664201869,3.608865362994083
1.22,2.9396890591226117,3.1349912257698658,3.609719715107523
1.23,2.956054358504834,3.1477951301843516,3.6107505113108154
1.24,2.9723013925666697,3.1605429012134403,3.611955706219891
1.25,2.988431700253341,3.173235113124457,3.6133331866222034
1.26,3.0044468357172494,3.1858723855193993,3.614880778763353
1.27,3.020348366248511,3.1984553784675445,3.6165962552839463
1.28,3.036137870263117,3.210984787928398,3.618477341808487
1.29,3.051816935352941,3.2234613414571966,3.6205217231898645
1.3,3.0673871564010784,3.235885794184355,3.6227270494145687
1.31,3.0828501337653345,3.2482589250595937,3.625090941175074
1.32,3.098207471532038,3.260581533350981,3.6276109951169833
1.33,3.1134607758417987,3.2728544353887377,3.6302847887694654
1.34,3.1286116532883,3.2850784615433994,3.633109885168302
1.35,3.14366170939074,3.2972544534277737,3.636083837181488
1.36,3.1586125471401165,3.3093832613120644,3.6392041915478206
1.37,3.173465765619169,3.3214657417415645,3.6424684926392676
1.3800000000000001,3.1882229586954485,3.3335027553463905,3.645874285958162
1.3900000000000001,3.202885713786686,3.345495164832897,3.649419121380418
1.4000000000000001,3.217455610697379,3.3574438331465983,3.6531005561560237
1.41,3.2319342205252775,3.36934962179667,3.656916157678054
1.42,3.2463231046362595,3.381213389332382,3.6608635060313595
1.43,3.2606238137059287,3.3930359899621205,3.6649401963319517
1.44,3.274837886826117,3.404818272305972,3.669143840867912
1.45,3.2889668506743726,3.4165610782732108,3.673472071052418
1.46,3.303012218744418,3.428265242056356,3.6779225391992276
1.47,3.3169754906355005,3.4399315892338564,3.682492920130645
1.48,3.3308581513984947,3.451560935973807,3.6871809126277
1.49,3.344661670936598,3.463154088331476,3.691984240731928
1.5,3.358387503458427,3.474711841633794,3.6969006549077816
1.51,3.3720370869813263,3.4862349799442964,3.70192793307438
1.52,3.3856118428827022,3.4977242756023954,3.7070638815149053
1.53,3.3991131754972104,3.509180488831166,3.712306335671627
1.54,3.4125424717576527,3.520604367408204,3.7176531608341463
1.55,3.4259011008774705,3.5319966463944112,3.723102252728121
1.56,3.4391904140727565,3.5433580479158953,3.728651538011351
1.57,3.452411744321761,3.5546892809944626,3.73429897468378
1.58,3.465566406159906,3.5659910414224845,3.7400425524176124
1.59,3.478655695508387,3.577264011678182,3.7458802928134336
1.6,3.4916808895344817,3.58850886087765,3.7518102495878707
1.61,3.504643246541759,3.5997262447601854,3.7578305086980577
1.62,3.5175440058884355,3.610916805703731,3.763939188407836
1.6300000000000001,3.5303843879321817,3.622081172767464,3.7701344393003566
1.6400000000000001,3.5431655939997575,3.633219961758786,3.7764144442414587
1.6500000000000001,3.555888806379903,3.644333775322156,3.7827774182979432
1.6600000000000001,3.5685551883379834,3.6554232030474174,3.7892216086146013
1.67,3.581165884150947,3.666488821595436,3.795745294253619
1.68,3.5937220191612145,3.6775311948390406,3.8023467859997466
1.69,3.6062246998481804,3.6885508740174155,3.8090244261344055
1.7,3.6186750139160693,3.6995483979022428,3.8157765881816896
1.71,3.6310740303969418,3.710524292974026,3.822601676629034
1.72,3.643422799767712,3.7214790736071666,3.829498126625123
1.73,3.6557223540800843,3.7324132422624743,3.836464403657443
1.74,3.667973707102376,3.743327289685913,3.8434990032117127
1.75,3.6801778544722503,3.7542216951124816,3.8506004504152695
1.76,3.692335773859422,3.765096926474239,3.8577672996663406
1.77,3.7044484251374596,3.7759534406115534,3.8649981342509885
1.78,3.7165167505638523,3.786791683486762,3.872291565949387
1.79,3.7285416749675484,3.797612090399488,3.879646234632965
1.8,3.7405241059432264,3.8084150862029413,3.8870608078538336
1.81,3.7524649340515976,3.819201085520596,3.894533980427808
1.82,3.7643650330250744,3.8299704929626954,3.902064474012232
1.83,3.7762252599781894,3.8407237033420976,3.909651036679715
1.84,3.7880464556221733,3.85146110188902,3.917292442488809
1.85,3.799829444483148,3.8621830644642956,3.924987491052559
1.86,3.811575035123414,3.872889957770794,3.9327350071057943
1.87,3.823284020365354,3.8835821395627015,3.940533840071947
1.8800000000000001,3.8349571775174947,3.8942599588523925,3.948382863630115
1.8900000000000001,3.846595268602308,3.9049237561146595,3.956280975283035
1.9000000000000001,3.858199040585353,3.9155738634880968,3.964227095926553
1.9100000000000001,3.869769225605388,3.9262106049734653,3.972220169421149
1.92,3.8813065412051184,3.9368342966288883,3.980259162165996
1.93,3.8928116905622447,3.947445246761753,3.988343062676005
1.94,3.904285362720525,3.9580437561172186,3.9964708811622587
1.95,3.9157282328205714,3.968630118063242,4.004641649116189
1.96,3.9271409623301254,3.979204618772056,4.01285441889782
1.97,3.938524199273573,3.989767537398054,4.021108263328375
1.98,3.949878578460481,4.00031914625204,4.029402275287482
1.99,3.961204721712958,4.010859710971823,4.037735567315222
2.0,3.972503238091645,4.021389490689149,4.046107271219208
2.0100000000000002,3.983774724120177,4.031908738192963,4.054516537686862
2.02,3.995019764007944,4.042417700089015,4.0629625359030435
2.0300000000000002,4.006238929871025,4.0529166169558195,4.071444453173157
2.04,4.017432781951156,4.063405723497012,4.079961494551835
2.05,4.0286018688326095,4.073885248690106,4.088512882477288
2.06,4.039746727656896,4.084355415931708,4.097097856411399
2.07,4.050867884335166,4.094816443179232,4.105715672485605
2.08,4.061965853758257,4.105268543089139,4.114365603152607
2.09,4.073041140004272,4.115711923151781,4.1230469368439495
2.1,4.084094236543659,4.126146785822879,4.1317589776334644
2.11,4.095125626441699,4.1365733286517035,4.140501044906601
2.12,4.106135782558372,4.14699174440601,4.14927247303562
2.13,4.117125167745546,4.157402221193794,4.158072611060661
2.14,4.128094235041447,4.167804942581927,4.166900822376628
2.15,4.139043427862387,4.178200087711723,4.175756484425891
2.16,4.1499731801917195,4.188587831411528,4.184638988396754
2.17,4.1608839167659895,4.198968344306365,4.193547738927648
2.18,4.171776053258286,4.209341792924717,4.202482153816998
2.19,4.182649996458761,4.219708339802518,4.211441663738722
2.2,4.193506144452321,4.230068143584394,4.220425711963286
2.21,4.204344886793485,4.240421359122245,4.229433754084273
2.22,4.215166604678405,4.250768137571213,4.238465257750384
2.23,4.225971671114066,4.26110862648311,4.247519702402826
2.24,4.236760451084652,4.271442969897367,4.256596579017983
2.25,4.247533301715105,4.281771308429562,4.265695389855335
2.2600000000000002,4.258290572431885,4.292093779357595,4.274815648210523
2.27,4.269032605120938,4.302410516705566,4.283956878173497
2.2800000000000002,4.2797597342829095,4.312721651325423,4.293118614391671
2.29,4.290472287185591,4.323027310976421,4.30230040183799
2.3000000000000003,4.3011705840136605,4.333327620402481,4.311501795583862
2.31,4.311854938015702,4.343622701407468,4.320722360576834
2.32,4.322525655648557,4.353912672928474,4.329961671422972
2.33,4.3331830367190225,4.364197651107147,4.339219312173834
2.34,4.343827374522916,4.374477749359115,4.348494876117973
2.35,4.354458955981553,4.384753078441571,4.357787965576881
2.36,4.365078061775652,4.3950237465190565,4.367098191705296
2.37,4.375684966476709,4.405289859227499,4.376425174295797
2.38,4.386279938675859,4.415551519736552,4.385768541587594
2.39,4.396863241110271,4.425808828810284,4.3951279300794495
2.4,4.407435130787101,4.436061884866263,4.404502984346641
2.41,4.417995859105036,4.446310784033076,4.413893356861892
2.42,4.42854567197347,4.456555620206339,4.423298707820194
2.43,4.4390848099293345,4.46679648510323,4.4327187049674395
2.44,4.449613508251625,4.477033468315585,4.442153023432794
2.45,4.460131997073665,4.487266657361609,4.45160134556473
2.46,4.470640501493122,4.497496137736228,4.461063360770654
2.47,4.481139241679835,4.507721992960128,4.47053876536004
2.48,4.491628432981466,4.51794430462752,4.480027262391017
2.49,4.5021082860270285,4.528163152452647,4.489528561520327
2.5,4.5125790068283145,4.538378614315109,4.499042378856579
2.5100000000000002,4.523040796879263,4.548590766303991,4.5085684368167485
2.52,4.533493853253304,4.558799682760863,4.518106463985836
2.5300000000000002,4.543938368698706,4.569005436321668,4.527656194979628
2.54,4.5543745317319715,4.579208097957538,4.537217370310494
2.5500000000000003,4.564802526729305,4.5894077370145485,4.546789736256151
2.56,4.575222534016194,4.599604421252476,4.556373044731335
2.57,4.585634729955136,4.609798216882545,4.565967053162323
2.58,4.596039287031542,4.619989188604232,4.57557152436423
2.59,4.606436373937849,4.630177399641118,4.585186226421038
2.6,4.6168261556558825,4.640362911775843,4.59481093256828
2.61,4.627208793537489,4.650545785384172,4.604445421078345
2.62,4.637584445383483,4.660726079468202,4.614089475148321
2.63,4.647953265520933,4.670903851688735,4.623742882790339
2.64,4.658315404878813,4.681079158396834,4.633405436724359
2.65,4.668671011062071,4.691252054664595,4.64307693427334
2.66,4.679020228424115,4.701422594315144,4.652757177260748
2.67,4.689363198137776,4.71159082995189,4.662445971910341
2.68,4.699700058264757,4.721756812987049,4.6721431287482
2.69,4.710030943823608,4.7319205936694635,4.681848462506934
2.7,4.720355986856257,4.742082221111726,4.691561792032022
2.71,4.730675316493109,4.752241743316644,4.701282940190252
2.72,4.74098905901677,4.762399207203043,4.711011733780191
2.73,4.751297337924398,4.772554658630941,4.720748003444665
2.74,4.761600273988719,4.782708142426104,4.730491583585182
2.75,4.771897985317736,4.792859702404002,4.740242312278268
2.7600000000000002,4.782190587413151,4.803009381393177,4.750000031193678
2.77,4.792478193227537,4.8131572212580505,4.759764585514419
2.7800000000000002,4.802760913220274,4.823303262921163,4.769535823858569
2.79,4.813038855412275,4.83344754638489,4.779313598202842
2.8000000000000003,4.823312125439542,4.843590110752617,4.789097763807848
2.81,4.833580826605552,4.853730994249417,4.798888179145037
2.82,4.84384505993252,4.8638702342422215,4.808684705825264
2.83,4.854104924211543,4.874007867259511,4.818487208528952
2.84,4.864360516051666,4.884143929010529,4.828295554937811
2.85,4.874611929927876,4.894278454404037,4.838109615668093
2.86,4.884859258228058,4.904411477566628,4.8479292642053196
2.87,4.895102591298932,4.91454303186059,4.857754376840483
2.88,4.905342017490985,4.924673149901359,4.867584832607661
2.89,4.91557762320243,4.934801863574547,4.8774205132230275
2.9,4.925809492922209,4.944929204052569,4.887261303025227
2.91,4.936037709272052,4.955055201810875,4.8971070889170765
2.92,4.946262353047626,4.965179886643808,4.90695776030857
2.93,4.956483503258777,4.975303287680071,4.916813209061156
2.94,4.966701237168905,4.985425433397845,4.926673329433254
2.95,4.976915630333469,4.9955463516395415,4.936538018026994
2.96,4.987126756637651,5.005666069626218,4.946407173736135
2.97,4.997334688333202,5.015784613971646,4.9562806976951554
2.98,5.007539496074476,5.025902010696055,4.9661584932294724
2.99,5.0177412489536755,5.036018285239558,4.976040465806771
3.0,5.027940014535324,5.046133462475257,4.9859265229894225
3.0100000000000002,5.03813585888999,5.0562475667220514,4.995816574387962
3.02,5.04832884662726,5.06636062175714,5.005710531615603
3.0300000000000002,5.058519040927996,5.076472650828241,5.015608308243766
3.04,5.068706503575883,5.08658367666552,5.025509819758599
3.0500000000000003,5.078891294988283,5.096693721493252,5.035414983518467
3.06,5.089073474246411,5.106802807041204,5.045323718712387
3.0700000000000003,5.099253099124848,5.1169109545557605,5.055235946319393
3.08,5.109430226120408,5.127018184810792,5.065151589068802
3.09,5.1196049104803665,5.137124518118269,5.075070571401366
3.1,5.1297772062300675,5.1472299743386385,5.084992819431297
3.11,5.139947166199927,5.157334572890954,5.094918260909122
3.12,5.15011484205184,5.167438332762782,5.104846825185381
3.13,5.1602802843050055,5.177541272519874,5.1147784431751235
3.14,5.170443542361183,5.187643410315619,5.124713047323201
3.15,5.180604664529393,5.197744763900283,5.134650571570328
3.16,5.190763698050072,5.2078453506300315,5.144590951319899
3.17,5.2009206891187,5.217945187475754,5.154534123405549
3.18,5.211075682908898,5.2280442910316784,5.164480026059427
3.19,5.221228723595027,5.238142677523793,5.174428598881183
3.2,5.231379854374279,5.248240362818081,5.184379782807643
3.21,5.241529117488286,5.258337362428562,5.1943335200831555
3.22,5.251676554244251,5.268433691525149,5.204289754230603
3.23,5.261822205035616,5.278529364941337,5.21424843002305
3.24,5.271966109362264,5.2886243971817075,5.224209493456031
3.25,5.282108305850289,5.298718802429264,5.2341728917204495
3.2600000000000002,5.292248832271317,5.3088125945526095,5.244138573176078
3.27,5.302387725561406,5.318905787112949,5.2541064873256484
3.2800000000000002,5.312525021839531,5.328998393370948,5.264076584789525
3.29,5.322660756425656,5.339090426293421,5.274048817280926
3.3000000000000003,5.33279496385841,5.349181898559881,5.284023137581711
3.31,5.342927677912368,5.359272822568939,5.293999499518695
3.3200000000000003,5.353058931614956,5.369363210444549,5.303977857940496
3.33,5.36318875726298,5.379453074042128,5.313958168694892
3.34,5.37331718643879,5.389542424954527,5.323940388606684
3.35,5.383444250026081,5.399631274517872,5.333924475456048
3.36,5.393569978225356,5.409719633817272,5.343910387957373
3.37,5.403694400569039,5.419807513692403,5.353898085738559
3.38,5.413817545936255,5.429894924742956,5.36388752932079
3.39,5.423939442567287,5.439981877333977,5.373878680098737
3.4,5.434060118077705,5.450068381601079,5.383871500321218
3.41,5.444179599472193,5.4601544474555315,5.393865953072277
3.42,5.454297913158064,5.4702400845892525,5.403862002252684
3.43,5.464415084958478,5.480325302479671,5.413859612561851
3.44,5.474531140125365,5.490410110394493,5.423858749480142
3.45,5.484646103352065,5.500494517396354,5.433859379251581
3.46,5.494759998785688,5.5105785323473695,5.443861468866943
3.47,5.5048728500392,5.5206621639135856,5.453864986047215
3.48,5.5149846802032405,5.530745420569327,5.463869899227432
3.49,5.5250955118576845,5.5408283106014515,5.473876177540864
3.5,5.535205367082937,5.5509108421135025,5.483883790803561
3.5100000000000002,5.545314267470989,5.56099302302978,5.493892709499232
3.52,5.555422234136224,5.571074861099309,5.503902904764467
3.5300000000000002,5.565529287725987,5.581156363899727,5.513914348374286
3.54,5.575635448430914,5.591237538841085,5.5239270127280005
3.5500000000000003,5.585740735995042,5.6013183931695565,5.5339408708354005
3.56,5.595845169725689,5.6113989339710715,5.543955896303238
3.5700000000000003,5.605948768503118,5.621479168174867,5.553972063322013
3.58,5.616051550789984,5.631559102556957,5.563989346653057
3.59,5.6261535346405775,5.641638743743527,5.574007721615893
3.6,5.636254737709856,5.651718098214252,5.58402716407589
3.61,5.646355177262284,5.661797172305541,5.594047650432173
3.62,5.656454870180469,5.671875972213711,5.604069157605817
3.63,5.666553832973615,5.681954503998087,5.614091663028296
3.64,5.676652081785779,5.6920327735840335,5.624115144630186
3.65,5.686749632403955,5.702110786765924,5.634139580830119
3.66,5.696846500265971,5.712188549210037,5.64416495052399
3.67,5.706942700468216,5.722266066457394,5.654191233074388
3.68,5.717038247773193,5.732343343926528,5.664218408300276
3.69,5.727133156616909,5.742420386916199,5.67424645646689
3.7,5.7372274411160955,5.752497200608038,5.6842753582758645
3.71,5.747321115075274,5.762573790069145,5.6943050948555785
3.72,5.757414191993663,5.772650160254619,5.704335647751715
3.73,5.767506685071933,5.782726316010038,5.714366998918026
3.74,5.777598607218812,5.79280226207388,5.724399130707305
3.75,5.787689971057542,5.802878003079893,5.734432025862562
3.7600000000000002,5.797780788932199,5.812953543559413,5.744465667508386
3.77,5.807871072913865,5.823028887943625,5.754500039142509
3.7800000000000002,5.817960834806669,5.833104040565784,5.764535124627546
3.79,5.828050086153696,5.843179005663376,5.774570908182928
3.8000000000000003,5.838138838242756,5.853253787380236,5.784607374377006
3.81,5.848227102112037,5.863328389768625,5.794644508119337
3.8200000000000003,5.858314888555623,5.873402816791246,5.804682294653129
3.83,5.868402208128898,5.88347707232323,5.81472071954787
3.84,5.878489071153822,5.8935511601540735,5.824759768692103
3.85,5.888575487724098,5.9036250839895255,5.834799428286375
3.86,5.8986614677102205,5.913698847453446,5.844839684836331
3.87,5.908747020764414,5.923772454089612,5.854880525145972
3.88,5.918832156325459,5.933845907363489,5.864921936311049
3.89,5.928916883623417,5.943919210663964,5.874963905712617
3.9,5.939001211684243,5.953992367305035,5.88500642101072
3.91,5.949085149334304,5.964065380527471,5.895049470138224
3.92,5.959168705204793,5.974138253500424,5.90509304129478
3.93,5.969251887736047,5.984210989323021,5.915137122940929
3.94,5.979334705181766,5.994283591025903,5.925181703792328
3.95,5.989417165613143,6.004356061572745,5.935226772814109
3.96,5.9994992769229025,6.014428403861731,5.945272319215363
3.97,6.009581046829244,6.024500620727008,5.955318332443745
3.98,6.019662482879707,6.0345727149400945,5.965364802180195
3.99,6.029743592454942,6.044644689211268,5.9754117183337865
4.0,6.039824382772403,6.054716546190919,5.985459071036674
4.01,6.049904860889959,6.064788288470874,5.995506850639163
4.0200000000000005,6.05998503370942,6.0748599185856875,6.005555047704889
4.03,6.070064907979992,6.084931439013911,6.015603653006094
4.04,6.08014449030165,6.095002852179328,6.025652657519019
4.05,6.090223787128439,6.105074160452168,6.03570205241939
4.0600000000000005,6.100302804771702,6.115145366150284,6.045751829078011
4.07,6.110381549403237,6.125216471540316,6.055801979056444
4.08,6.120460027058382,6.135287478838818,6.065852494102797
4.09,6.130538243639031,6.145358390213368,6.075903366147598
4.1,6.140616204916591,6.155429207783649,6.085954587299757
4.11,6.150693916534861,6.165499933622506,6.09600614984263
4.12,6.160771384012859,6.175570569756983,6.106058046230154
4.13,6.170848612747581,6.185641118169336,6.116110269083079
4.14,6.180925608016696,6.195711580798019,6.1261628111852815
4.15,6.191002374981188,6.205781959538654,6.136215665480154
4.16,6.201078918687939,6.215852256244978,6.14626882506708
4.17,6.211155244072245,6.225922472729767,6.1563222831979845
4.18,6.22123135596029,6.235992610765742,6.166376033273964
4.19,6.231307259071556,6.246062672086456,6.1764300688419835
4.2,6.241382958021186,6.256132658387153,6.186484383591657
4.21,6.2514584573222844,6.266202571325622,6.19653897135209
4.22,6.261533761388181,6.276272412523021,6.2065938260887945
4.23,6.271608874534634,6.286342183564684,6.2166489419006785
4.24,6.281683800981986,6.296411886000919,6.226704313017092
4.25,6.291758544857277,6.306481521347775,6.236759933794945
4.26,6.3018331101963065,6.316551091087805,6.246815798715885
4.2700000000000005,6.31190750094565,6.326620596670801,6.256871902383546
4.28,6.321981720964634,6.33669003951452,6.266928239520843
4.29,6.332055774027263,6.346759421005391,6.276984804967342
4.3,6.3421296638241085,6.356828742499212,6.287041593676677
4.3100000000000005,6.352203393964151,6.366898005321818,6.297098600714029
4.32,6.362276967976587,6.37696721076975,6.3071558212536605
4.33,6.372350389312593,6.3870363601108995,6.317213250576505
4.34,6.382423661347047,6.397105454585144,6.327270884067808
4.3500000000000005,6.392496787380219,6.40717449540496,6.3373287172148185
4.36,6.402569770639422,6.417243483756036,6.347386745604539
4.37,6.412642614280621,6.4273124207978585,6.357444964921518
4.38,6.4227153213900126,6.437381307664294,6.36750337094569
4.39,6.432787894985569,6.447450145464155,6.377561959550273
4.4,6.4428603380185425,6.457518935281752,6.387620726699703
4.41,6.452932653374946,6.467587678177435,6.3976796684476165
4.42,6.463004843876991,6.477656375188125,6.407738780934882
4.43,6.473076912284501,6.487725027327828,6.4177980603876685
4.44,6.483148861296289,6.497793635588146,6.427857503115562
4.45,6.4932206935515095,6.507862200938769,6.43791710550972
4.46,6.503292411630972,6.517930724327957,6.447976864041069
4.47,6.513364018058438,6.52799920668302,6.45803677525854
4.48,6.523435515301874,6.538067648910776,6.468096835787348
4.49,6.533506905774695,6.548136051898002,6.4781570423273
4.5,6.543578191836963,6.558204416511882,6.488217391651152
4.51,6.553649375796568,6.568272743600438,6.498277880602991
4.5200000000000005,6.563720459910384,6.578341033992951,6.508338506096662
4.53,6.573791446385394,6.588409288500379,6.5183992651142235
4.54,6.583862337379796,6.598477507915758,6.528460154704442
4.55,6.593933135004078,6.608545693014602,6.5385211719813165
4.5600000000000005,6.604003841322076,6.618613844555285,6.548582314122635
4.57,6.614074458352003,6.628681963279425,6.558643578368568
4.58,6.62414498806746,6.638750049912252,6.568704962020285
4.59,6.63421543239842,6.648818105162968,6.578766462438609
4.6000000000000005,6.6442857932321955,6.658886129725104,6.588828077042698
4.61,6.654356072414377,6.668954124276867,6.598889803308754
4.62,6.664426271749758,6.679022089481475,6.608951638768764
4.63,6.674496393003241,6.689090025987491,6.619013581009265
4.64,6.6845664379007115,6.699157934429145,6.62907562767014
4.65,6.694636408129906,6.709225815426654,6.639137776443437
4.66,6.704706305341253,6.719293669586527,6.649200025072218
4.67,6.714776131148699,6.729361497501872,6.659262371349427
4.68,6.724845887130515,6.739429299752688,6.669324813116794
4.69,6.734915574830086,6.7494970769061595,6.679387348263752
4.7,6.744985195756677,6.759564829516936,6.689449974726384
4.71,6.755054751386196,6.76963255812741,6.699512690486391
4.72,6.7651242431619245,6.779700263267988,6.709575493570085
4.73,6.77519367249524,6.789767945457355,6.719638382047402
4.74,6.785263040766324,6.799835605202735,6.729701354030938
4.75,6.79533234932485,6.809903243000141,6.739764407675006
4.76,6.805401599490657,6.819970859334627,6.749827541174713
4.7700000000000005,6.81547079255441,6.830038454680527,6.7598907527650605
4.78,6.825539929778245,6.840106029501692,6.7699540407200605
4.79,6.835609012396398,6.850173584251723,6.7800174033518745
4.8,6.845678041615828,6.860241119374198,6.7900808390099705
4.8100000000000005,6.8557470186168095,6.87030863530289,6.800144346080296
4.82,6.865815944553531,6.880376132461988,6.8102079229844765
4.83,6.875884820554669,6.890443611266307,6.82027156817902
4.84,6.88595364772395,6.9005110721214935,6.830335280154553
4.8500000000000005,6.896022427140705,6.9105785154242305,6.840399057435061
4.86,6.906091159860409,6.920645941562434,6.850462898577154
4.87,6.916159846915204,6.930713350915448,6.860526802169345
4.88,6.926228489314419,6.940780743854233,6.870590766831345
4.89,6.936297088045073,6.950848120741552,6.880654791213372
4.9,6.946365644072369,6.960915481932149,6.890718873995478
4.91,6.956434158340173,6.970982827772933,6.90078301388689
4.92,6.96650263177149,6.981050158603142,6.910847209625364
4.93,6.976571065268924,6.991117474754518,6.920911459976553
4.94,6.986639459715127,7.001184776551474,6.930975763733395
4.95,6.99670781597324,7.011252064311251,6.941040119715505
4.96,7.006776134887327,7.02131933834408,6.951104526768589
4.97,7.016844417282796,7.031386598953336,6.961168983763864
4.98,7.026912663966808,7.04145384643569,6.9712334895974974
4.99,7.036980875728686,7.051521081081256,6.981298043190054
5.0,7.047049053340303,7.061588303173736,6.991362643485956
5.01,7.057117197556474,7.0716555129905645,7.001427289452956
5.0200000000000005,7.067185309115328,7.081722710803042,7.011491980081624
5.03,7.07725338873868,7.091789896876475,7.02155671438484
5.04,7.08732143713239,7.101857071470306,7.031621491397298
5.05,7.0973894549867165,7.111924234838244,7.0416863101750335
5.0600000000000005,7.10745744297666,7.121991387228392,7.051751169794942
5.07,7.117525401762302,7.132058528883369,7.061816069354323
5.08,7.127593331989135,7.142125660040431,7.071881007970427
5.09,7.137661234288382,7.1521927809315935,7.081945984780018
5.1000000000000005,7.147729109277316,7.162259891783742,7.092010998938935
5.11,7.157796957559565,7.172326992818748,7.10207604962168
5.12,7.167864779725416,7.1823940842535805,7.1121411360209965
5.13,7.177932576352107,7.192461166300413,7.1222062573474725
5.14,7.1880003480041195,7.202528239166731,7.132271412829142
5.15,7.198068095233457,7.212595303055433,7.1423366017111025
5.16,7.208135818579922,7.222662358164933,7.152401823255137
5.17,7.218203518571386,7.2327294046892625,7.162467076739344
5.18,7.228271195724052,7.242796442818162,7.172532361457778
5.19,7.238338850542716,7.252863472737181,7.182597676720095
5.2,7.248406483521014,7.262930494627765,7.192663021851213
5.21,7.258474095141672,7.272997508667354,7.202728396190966
5.22,7.268541685876746,7.283064515029463,7.212793799093782
5.23,7.27860925618786,7.293131513883774,7.222859229928358
5.24,7.288676806526431,7.303198505396217,7.232924688077342
5.25,7.298744337333903,7.3132654897290585,7.24299017293703
5.26,7.30881184904196,7.3233324670409745,7.253055683917057
5.2700000000000005,7.318879342072744,7.333399437487137,7.2631212204401105
5.28,7.328946816839069,7.343466401219287,7.273186781941636
5.29,7.339014273744621,7.353533358385814,7.283252367869556
5.3,7.349081713184169,7.363600309131826,7.293317977683997
5.3100000000000005,7.35914913554375,7.3736672535992245,7.303383610857017
5.32,7.369216541200874,7.383734191926775,7.313449266872342
5.33,7.3792839305247035,7.393801124250177,7.323514945225111
5.34,7.389351303876244,7.40386805070213,7.333580645421619
5.3500000000000005,7.399418661608519,7.4139349714124,7.343646366979074
5.36,7.409486004066752,7.424001886507886,7.353712109425356
5.37,7.419553331588533,7.434068796112683,7.363777872298777
5.38,7.429620644503994,7.444135700348143,7.373843655147856
5.39,7.439687943135969,7.454202599332936,7.383909457531089
5.4,7.4497552278001535,7.464269493183108,7.393975279016731
5.41,7.45982249880527,7.474336382012143,7.40404111918258
5.42,7.469889756453215,7.484403265931014,7.414106977615764
5.43,7.479957001039212,7.4944701450482425,7.424172853912538
5.44,7.49002423285196,7.504537019469953,7.434238747678079
5.45,7.500091452173777,7.514603889299923,7.444304658526293
5.46,7.510158659280741,7.524670754639636,7.454370586079616
5.47,7.5202258544428275,7.534737615588333,7.4644365299688324
5.48,7.530293037924046,7.544804472243063,7.474502489832885
5.49,7.540360209982568,7.55487132469873,7.484568465318696
5.5,7.550427370870863,7.564938173048136,7.494634456080994
5.51,7.5604945208358165,7.57500501738204,7.504700461782137
5.5200000000000005,7.57056166011886,7.585071857789187,7.514766482091946
5.53,7.580628788956086,7.5951386943563675,7.524832516687539
5.54,7.590695907578372,7.605205527168448,7.534898565253172
5.55,7.60076301621149,7.615272356308424,7.544964627480079
5.5600000000000005,7.610830115076222,7.625339181857453,7.555030703066317
5.57,7.620897204388473,7.635406003894902,7.565096791716617
5.58,7.630964284359371,7.645472822498382,7.575162893142238
5.59,7.641031355195383,7.655539637743789,7.5852290070608195
5.6000000000000005,7.651098417098409,7.665606449705342,7.595295133196241
5.61,7.661165470265888,7.675673258455618,7.605361271278485
5.62,7.671232514890894,7.685740064065594,7.615427421043504
5.63,7.681299551162234,7.6958068666046735,7.625493582233084
5.64,7.691366579264543,7.70587366614073,7.635559754594718
5.65,7.701433599378374,7.715940462740133,7.645625937881483
5.66,7.71150061168029,7.726007256467789,7.65569213185191
5.67,7.721567616342951,7.736074047387169,7.66575833626987
5.68,7.731634613535201,7.74614083556034,7.6758245509044505
5.69,7.741701603422152,7.756207621047996,7.685890775529844
5.7,7.751768586165268,7.766274403909493,7.695957009925231
5.71,7.761835561922441,7.776341184202873,7.706023253874678
5.72,7.7719025308480765,7.786407961984896,7.71608950716702
5.73,7.781969493093166,7.796474737311066,7.726155769595759
5.74,7.792036448805365,7.806541510235664,7.736222040958964
5.75,7.802103398129062,7.816608280811766,7.746288321059164
5.76,7.812170341205458,7.82667504909128,7.756354609703254
5.7700000000000005,7.822237278172631,7.836741815124963,7.766420906702398
5.78,7.832304209165609,7.846808578962452,7.776487211871931
5.79,7.8423711343164335,7.856875340652287,7.786553525031271
5.8,7.852438053754228,7.8669421002419355,7.7966198460038285
5.8100000000000005,7.862504967605264,7.877008857777814,7.806686174616915
5.82,7.872571875993019,7.887075613305315,7.816752510701659
5.83,7.882638779038245,7.897142366868827,7.826818854092922
5.84,7.892705676859021,7.907209118511758,7.8368852046292155
5.8500000000000005,7.9027725695708195,7.917275868276555,7.84695156215262
5.86,7.91283945728656,7.9273426162047285,7.857017926508706
5.87,7.922906340116665,7.937409362336871,7.867084297546458
5.88,7.932973218169117,7.94747610671268,7.877150675118197
5.89,7.943040091549513,7.95754284937097,7.88721705907951
5.9,7.953106960361115,7.967609590349704,7.897283449289174
5.91,7.963173824704903,7.977676329686002,7.907349845609088
5.92,7.973240684679625,7.987743067416165,7.917416247904202
5.93,7.983307540381846,7.9978098035756915,7.9274826560424545
5.94,7.993374391905998,8.007876538199296,7.937549069894699
5.95,8.003441239344424,8.017943271320924,7.947615489334645
5.96,8.013508082787428,8.028010002973772,7.957681914238793
5.97,8.023574922323316,8.038076733190303,7.967748344486374
5.98,8.033641758038444,8.048143462002262,7.977814779959286
5.99,8.043708590017259,8.058210189440693,7.9878812205420395
6.0,8.05377541834234,8.068276915535954,7.997947666121697
6.01,8.063842243094445,8.07834364031773,8.008014116587818
6.0200000000000005,8.073909064352542,8.088410363815052,8.0180805718324
6.03,8.083975882193855,8.09847708605631,8.02814703174983
6.04,8.094042696693903,8.108543807069262,8.038213496236828
6.05,8.104109507926534,8.118610526881058,8.0482799651924
6.0600000000000005,8.114176315963967,8.128677245518247,8.058346438517779
6.07,8.12424312087682,8.138743963006789,8.068412916116385
6.08,8.134309922734154,8.148810679372069,8.07847939789377
6.09,8.144376721603502,8.158877394638916,8.088545883757574
6.1000000000000005,8.154443517550904,8.168944108831607,8.098612373617481
6.11,8.164510310640942,8.17901082197388,8.10867886738517
6.12,8.17457710093677,8.189077534088955,8.118745364974268
6.13,8.184643888500142,8.199144245199534,8.128811866300316
6.140000000000001,8.194710673391455,8.209210955327817,8.13887837128072
6.15,8.204777455669765,8.219277664495515,8.148944879834712
6.16,8.214844235392826,8.229344372723858,8.159011391883308
6.17,8.224911012617113,8.239411080033609,8.16907790734927
6.18,8.234977787397856,8.24947778644507,8.179144426157066
6.19,8.24504455978906,8.259544491978094,8.189210948232837
6.2,8.255111329843539,8.269611196652098,8.199277473504354
6.21,8.26517809761294,8.279677900486067,8.209344001900984
6.22,8.275244863147769,8.289744603498567,8.219410533353656
6.23,8.285311626497412,8.299811305707754,8.229477067794827
6.24,8.295378387710167,8.309878007131383,8.239543605158442
6.25,8.305445146833264,8.319944707786815,8.249610145379911
6.26,8.31551190391289,8.330011407691032,8.25967668839607
6.2700000000000005,8.325578658994209,8.340078106860634,8.26974323414515
6.28,8.335645412121385,8.350144805311858,8.279809782566748
6.29,8.345712163337613,8.360211503060583,8.289876333601796
6.3,8.355778912685125,8.370278200122334,8.299942887192534
6.3100000000000005,8.365845660205224,8.380344896512295,8.310009443282473
6.32,8.375912405938301,8.390411592245313,8.320076001816377
6.33,8.385979149923852,8.40047828733591,8.33014256274023
6.34,8.396045892200501,8.410544981798282,8.340209126001207
6.3500000000000005,8.40611263280602,8.420611675646315,8.350275691547656
6.36,8.416179371777341,8.430678368893588,8.360342259329062
6.37,8.426246109150584,8.440745061553377,8.370408829296029
6.38,8.436312844961073,8.450811753638668,8.38047540140025
6.390000000000001,8.446379579243343,8.460878445162159,8.39054197559449
6.4,8.456446312031174,8.470945136136265,8.400608551832551
6.41,8.466513043357596,8.48101182657313,8.410675130069265
6.42,8.476579773254908,8.491078516484627,8.420741710260456
6.43,8.486646501754697,8.501145205882368,8.430808292362926
6.44,8.49671322888785,8.51121189477771,8.440874876334432
6.45,8.506779954684573,8.521278583181752,8.450941462133665
6.46,8.516846679174403,8.531345271105357,8.46100804972023
6.47,8.526913402386226,8.541411958559143,8.47107463905462
6.48,8.53698012434829,8.551478645553493,8.481141230098208
6.49,8.547046845088214,8.56154533209856,8.491207822813216
6.5,8.557113564633012,8.571612018204277,8.501274417162701
6.51,8.567180283009098,8.581678703880353,8.51134101311054
6.5200000000000005,8.577247000242302,8.591745389136285,8.521407610621404
6.53,8.587313716357885,8.601812073981357,8.531474209660749
6.54,8.597380431380548,8.61187875842465,8.54154081019479
6.55,8.607447145334449,8.621945442475047,8.551607412190496
6.5600000000000005,8.617513858243207,8.632012126141229,8.561674015615557
6.57,8.627580570129922,8.642078809431688,8.571740620438382
6.58,8.637647281017184,8.652145492354729,8.581807226628078
6.59,8.647713990927084,8.662212174918471,8.591873834154434
6.6000000000000005,8.657780699881222,8.672278857130857,8.601940442987908
6.61,8.667847407900723,8.682345538999654,8.612007053099612
6.62,8.677914115006244,8.692412220532454,8.622073664461292
6.63,8.687980821217986,8.702478901736683,8.632140277045321
6.640000000000001,8.698047526555703,8.712545582619603,8.642206890824685
6.65,8.708114231038712,8.722612263188315,8.652273505772962
6.66,8.718180934685906,8.732678943449766,8.662340121864318
6.67,8.728247637515755,8.742745623410746,8.67240673907349
6.68,8.738314339546328,8.752812303077896,8.682473357375768
6.69,8.748381040795287,8.762878982457709,8.692539976746996
6.7,8.758447741279909,8.772945661556536,8.702606597163546
6.71,8.768514441017087,8.783012340380589,8.712673218602315
6.72,8.778581140023341,8.79307901893594,8.722739841040712
6.73,8.788647838314827,8.803145697228526,8.732806464456639
6.74,8.79871453590734,8.813212375264158,8.742873088828492
6.75,8.808781232816331,8.823279053048513,8.752939714135147
6.76,8.818847929056906,8.833345730587146,8.76300634035594
6.7700000000000005,8.82891462464384,8.843412407885486,8.773072967470666
6.78,8.838981319591579,8.853479084948846,8.783139595459568
6.79,8.849048013914249,8.863545761782419,8.793206224303326
6.8,8.859114707625666,8.873612438391284,8.803272853983044
6.8100000000000005,8.869181400739341,8.883679114780406,8.813339484480247
6.82,8.879248093268485,8.893745790954643,8.823406115776868
6.83,8.889314785226016,8.903812466918744,8.833472747855236
6.84,8.89938147662457,8.913879142677354,8.843539380698074
6.8500000000000005,8.909448167476498,8.923945818235014,8.853606014288484
6.86,8.919514857793885,8.934012493596164,8.863672648609946
6.87,8.929581547588544,8.94407916876515,8.8737392836463
6.88,8.93964823687203,8.954145843746218,8.883805919381746
6.890000000000001,8.949714925655638,8.96421251854352,8.893872555800835
6.9,8.959781613950417,8.974279193161122,8.903939192888455
6.91,8.969848301767172,8.984345867602991,8.91400583062983
6.92,8.97991498911647,8.994412541873013,8.924072469010511
6.93,8.98998167600864,9.004479215974985,8.93413910801637
6.94,9.000048362453786,9.014545889912624,8.944205747633585
6.95,9.010115048461788,9.024612563689558,8.954272387848649
6.96,9.020181734042309,9.034679237309343,8.964339028648345
6.97,9.030248419204796,9.044745910775449,8.97440567001975
6.98,9.040315103958488,9.054812584091275,8.984472311950233
6.99,9.050381788312421,9.064879257260142,8.994538954427433
7.0,9.06044847227543,9.074945930285296,9.00460559743927
7.01,9.070515155856157,9.085012603169915,9.014672240973924
7.0200000000000005,9.080581839063049,9.095079275917106,9.024738885019842
7.03,9.090648521904368,9.105145948529906,9.034805529565721
7.04,9.100715204388196,9.115212621011283,9.044872174600515
7.05,9.110781886522433,9.125279293364144,9.054938820113415
7.0600000000000005,9.120848568314807,9.13534596559133,9.065005466093856
7.07,9.130915249772872,9.145412637695618,9.075072112531505
7.08,9.140981930904019,9.155479309679722,9.085138759416253
7.09,9.151048611715472,9.1655459815463,9.095205406738222
7.1000000000000005,9.161115292214298,9.17561265329795,9.105272054487747
7.11,9.171181972407405,9.185679324937212,9.115338702655377
7.12,9.181248652301552,9.19574599646657,9.125405351231873
7.13,9.191315331903343,9.205812667888454,9.135472000208198
7.140000000000001,9.201382011219243,9.215879339205237,9.145538649575514
7.15,9.21144869025557,9.225946010419245,9.15560529932518
7.16,9.221515369018505,9.236012681532745,9.165671949448745
7.17,9.231582047514086,9.246079352547964,9.175738599937945
7.18,9.241648725748226,9.256146023467071,9.1858052507847
7.19,9.2517154037267,9.26621269429219,9.195871901981105
7.2,9.261782081455163,9.276279365025399,9.205938553519434
7.21,9.271848758939138,9.28634603566873,9.216005205392129
7.22,9.281915436184027,9.296412706224169,9.226071857591801
7.23,9.291982113195118,9.306479376693657,9.236138510111221
7.24,9.302048789977576,9.316546047079097,9.246205162943324
7.25,9.312115466536456,9.326612717382343,9.256271816081199
7.26,9.322182142876699,9.336679387605214,9.266338469518086
7.2700000000000005,9.332248819003135,9.346746057749487,9.276405123247377
7.28,9.342315494920493,9.356812727816896,9.28647177726261
7.29,9.352382170633392,9.366879397809143,9.296538431557465
7.3,9.362448846146352,9.376946067727888,9.306605086125762
7.3100000000000005,9.37251552146379,9.387012737574755,9.316671740961455
7.32,9.382582196590029,9.397079407351335,9.326738396058637
7.33,9.392648871529294,9.407146077059178,9.336805051411528
7.34,9.40271554628572,9.417212746699805,9.346871707014476
7.3500000000000005,9.412782220863345,9.427279416274702,9.356938362861953
7.36,9.422848895266123,9.437346085785322,9.367005018948555
7.37,9.432915569497917,9.447412755233085,9.377071675268999
7.38,9.442982243562506,9.45747942461938,9.387138331818115
7.390000000000001,9.453048917463587,9.467546093945566,9.397204988590847
7.4,9.463115591204772,9.477612763212973,9.407271645582256
7.41,9.473182264789598,9.487679432422896,9.417338302787506
7.42,9.483248938221518,9.497746101576608,9.427404960201873
7.43,9.493315611503913,9.507812770675352,9.437471617820734
7.44,9.503382284640088,9.517879439720343,9.44753827563957
7.45,9.513448957633273,9.527946108712767,9.45760493365396
7.46,9.52351563048663,9.538012777653789,9.467671591859581
7.47,9.533582303203248,9.548079446544541,9.477738250252209
7.48,9.543648975786152,9.558146115386139,9.487804908827709
7.49,9.553715648238294,9.568212784179664,9.49787156758204
7.5,9.563782320562565,9.578279452926182,9.50793822651125
7.51,9.573848992761793,9.588346121626731,9.518004885611473
7.5200000000000005,9.58391566483874,9.598412790282328,9.52807154487893
7.53,9.593982336796108,9.608479458893965,9.538138204309924
7.54,9.604049008636542,9.618546127462615,9.548204863900839
7.55,9.614115680362625,9.628612795989227,9.558271523648143
7.5600000000000005,9.624182351976884,9.63867946447473,9.568338183548379
7.57,9.634249023481793,9.648746132920035,9.578404843598166
7.58,9.644315694879767,9.658812801326027,9.5884715037942
7.59,9.65438236617317,9.668879469693577,9.598538164133247
7.6000000000000005,9.664449037364312,9.678946138023534,9.608604824612147
7.61,9.674515708455454,9.689012806316729,9.618671485227809
7.62,9.684582379448807,9.699079474573974,9.628738145977211
7.63,9.694649050346532,9.709146142796065,9.638804806857395
7.640000000000001,9.704715721150743,9.719212810983779,9.648871467865472
7.65,9.714782391863505,9.729279479137872,9.658938128998615
7.66,9.72484906248684,9.739346147259091,9.66900479025406
7.67,9.734915733022724,9.749412815348162,9.679071451629104
7.68,9.744982403473092,9.759479483405794,9.689138113121103
7.69,9.755049073839832,9.769546151432685,9.699204774727473
7.7,9.765115744124794,9.779612819429511,9.709271436445686
7.71,9.775182414329784,9.789679487396938,9.719338098273269
7.72,9.78524908445657,9.799746155335617,9.729404760207805
7.73,9.79531575450688,9.809812823246181,9.73947142224693
7.74,9.805382424482406,9.819879491129253,9.749538084388334
7.75,9.8154490943848,9.82994615898544,9.759604746629755
7.76,9.825515764215677,9.840012826815336,9.769671408968982
7.7700000000000005,9.835582433976619,9.850079494619521,9.779738071403854
7.78,9.845649103669171,9.860146162398566,9.789804733932257
7.79,9.855715773294845,9.870212830153024,9.799871396552124
7.8,9.865782442855119,9.880279497883441,9.809938059261434
7.8100000000000005,9.875849112351439,9.890346165590346,9.820004722058208
7.82,9.885915781785219,9.90041283327426,9.830071384940515
7.83,9.895982451157838,9.91047950093569,9.840138047906464
7.84,9.906049120470652,9.920546168575134,9.850204710954205
7.8500000000000005,9.91611578972498,9.93061283619308,9.860271374081933
7.86,9.926182458922115,9.94067950379,9.870338037287878
7.87,9.936249128063322,9.950746171366358,9.880404700570312
7.88,9.946315797149838,9.96081283892261,9.890471363927544
7.890000000000001,9.95638246618287,9.970879506459202,9.900538027357921
7.9,9.9664491351636,9.980946173976566,9.910604690859827
7.91,9.976515804093186,9.991012841475127,9.920671354431681
7.92,9.986582472972756,10.001079508955304,9.930738018071935
7.930000000000001,9.996649141803417,10.0111461764175,9.94080468177908
7.94,10.006715810586249,10.021212843862113,9.950871345551635
7.95,10.016782479322309,10.031279511289531,9.960938009388155
7.96,10.026849148012632,10.041346178700136,9.971004673287228
7.97,10.036915816658228,10.051412846094298,9.981071337247469
7.98,10.046982485260086,10.061479513472381,9.991138001267528
7.99,10.057049153819172,10.07154618083474,10.001204665346082
8.0,10.067115822336431,10.081612848181724,10.011271329481838
8.01,10.07718249081279,10.09167951551367,10.021337993673534
8.02,10.08724915924915,10.101746182830913,10.03140465791993
8.03,10.097315827646398,10.111812850133777,10.04147132221982
8.040000000000001,10.107382496005394,10.12187951742258,10.05153798657202
8.05,10.117449164326988,10.13194618469763,10.061604650975374
8.06,10.127515832612005,10.142012851959237,10.071671315428752
8.07,10.137582500861253,10.152079519207692,10.081737979931049
8.08,10.147649169075523,10.16214618644329,10.091804644481181
8.09,10.157715837255587,10.172212853666313,10.101871309078094
8.1,10.167782505402203,10.182279520877039,10.111937973720751
8.11,10.177849173516108,10.19234618807574,10.122004638408145
8.120000000000001,10.187915841598027,10.202412855262683,10.132071303139282
8.13,10.197982509648666,10.212479522438127,10.1421379679132
8.14,10.208049177668716,10.222546189602324,10.152204632728951
8.15,10.218115845658854,10.232612856755527,10.162271297585612
8.16,10.22818251361974,10.242679523897975,10.172337962482276
8.17,10.238249181552023,10.252746191029907,10.18240462741806
8.18,10.248315849456333,10.262812858151555,10.192471292392101
8.19,10.258382517333288,10.272879525263148,10.202537957403553
8.2,10.268449185183494,10.282946192364909,10.212604622451588
8.21,10.27851585300754,10.293012859457052,10.222671287535398
8.22,10.288582520806006,10.303079526539792,10.232737952654192
8.23,10.298649188579457,10.313146193613335,10.242804617807197
8.24,10.308715856328446,10.323212860677886,10.252871282993658
8.25,10.318782524053514,10.333279527733643,10.262937948212834
8.26,10.32884919175519,10.3433461947808,10.273004613464002
8.27,10.338915859433989,10.353412861819548,10.283071278746455
8.28,10.348982527090417,10.363479528850071,10.293137944059502
8.290000000000001,10.359049194724971,10.373546195872553,10.303204609402467
8.3,10.369115862338132,10.383612862887171,10.313271274774689
8.31,10.379182529930373,10.393679529894099,10.32333794017552
8.32,10.389249197502158,10.403746196893506,10.33340460560433
8.33,10.399315865053937,10.413812863885559,10.343471271060498
8.34,10.409382532586154,10.423879530870419,10.35353793654342
8.35,10.41944920009924,10.433946197848247,10.363604602052506
8.36,10.429515867593619,10.444012864819198,10.373671267587177
8.370000000000001,10.439582535069704,10.454079531783425,10.383737933146866
8.38,10.4496492025279,10.464146198741073,10.393804598731023
8.39,10.4597158699686,10.47421286569229,10.403871264339104
8.4,10.469782537392193,10.484279532637219,10.413937929970583
8.41,10.479849204799057,10.494346199575997,10.424004595624941
8.42,10.489915872189561,10.50441286650876,10.434071261301673
8.43,10.499982539564067,10.514479533435644,10.444137927000284
8.44,10.510049206922929,10.524546200356776,10.454204592720291
8.45,10.52011587426649,10.534612867272283,10.464271258461222
8.46,10.530182541595092,10.544679534182292,10.474337924222613
8.47,10.540249208909064,10.554746201086921,10.484404590004013
8.48,10.550315876208728,10.56481286798629,10.49447125580498
8.49,10.560382543494402,10.574879534880518,10.50453792162508
8.5,10.570449210766395,10.584946201769714,10.51460458746389
8.51,10.580515878025007,10.595012868653994,10.524671253320998
8.52,10.590582545270538,10.605079535533463,10.534737919195997
8.53,10.600649212503274,10.615146202408228,10.544804585088496
8.540000000000001,10.6107158797235,10.625212869278394,10.554871250998104
8.55,10.62078254693149,10.635279536144063,10.564937916924446
8.56,10.630849214127517,10.645346203005333,10.57500458286715
8.57,10.640915881311843,10.655412869862303,10.585071248825855
8.58,10.650982548484729,10.665479536715067,10.595137914800207
8.59,10.661049215646425,10.675546203563716,10.60520458078986
8.6,10.671115882797181,10.685612870408344,10.615271246794476
8.61,10.681182549937237,10.695679537249038,10.625337912813725
8.620000000000001,10.69124921706683,10.705746204085886,10.635404578847284
8.63,10.701315884186192,10.715812870918972,10.645471244894836
8.64,10.711382551295548,10.72587953774838,10.65553791095607
8.65,10.72144921839512,10.735946204574192,10.665604577030686
8.66,10.731515885485125,10.746012871396486,10.675671243118389
8.67,10.741582552565772,10.75607953821534,10.685737909218886
8.68,10.751649219637269,10.76614620503083,10.695804575331898
8.69,10.761715886699818,10.776212871843033,10.705871241457148
8.700000000000001,10.771782553753619,10.786279538652018,10.715937907594363
8.71,10.781849220798863,10.796346205457857,10.72600457374328
8.72,10.791915887835739,10.806412872260621,10.73607123990364
8.73,10.801982554864432,10.816479539060376,10.746137906075191
8.74,10.812049221885125,10.82654620585719,10.756204572257685
8.75,10.822115888897994,10.836612872651127,10.76627123845088
8.76,10.83218255590321,10.84667953944225,10.77633790465454
8.77,10.842249222900943,10.856746206230625,10.786404570868433
8.78,10.85231588989136,10.86681287301631,10.796471237092332
8.790000000000001,10.862382556874621,10.876879539799363,10.806537903326017
8.8,10.872449223850884,10.886946206579845,10.816604569569273
8.81,10.882515890820304,10.89701287335781,10.826671235821888
8.82,10.892582557783033,10.907079540133315,10.836737902083653
8.83,10.90264922473922,10.917146206906414,10.846804568354369
8.84,10.912715891689006,10.927212873677162,10.856871234633834
8.85,10.922782558632536,10.937279540445608,10.866937900921858
8.86,10.932849225569946,10.947346207211806,10.87700456721825
8.870000000000001,10.942915892501372,10.957412873975803,10.887071233522827
8.88,10.952982559426946,10.96747954073765,10.897137899835405
8.89,10.963049226346799,10.977546207497392,10.90720456615581
8.9,10.973115893261054,10.987612874255078,10.917271232483868
8.91,10.983182560169839,10.997679541010752,10.92733789881941
8.92,10.993249227073271,11.007746207764459,10.93740456516227
8.93,11.00331589397147,11.017812874516242,10.947471231512287
8.94,11.013382560864553,11.027879541266143,10.957537897869303
8.950000000000001,11.02344922775263,11.037946208014205,10.967604564233163
8.96,11.033515894635816,11.048012874760468,10.977671230603715
8.97,11.043582561514215,11.058079541504972,10.987737896980812
8.98,11.053649228387934,11.068146208247756,10.99780456336431
8.99,11.063715895257078,11.078212874988857,11.007871229754066
9.0,11.073782562121746,11.088279541728314,11.017937896149942
9.01,11.083849228982038,11.098346208466161,11.028004562551804
9.02,11.09391589583805,11.108412875202434,11.038071228959517
9.03,11.103982562689877,11.11847954193717,11.048137895372953
9.040000000000001,11.114049229537612,11.1285462086704,11.058204561791987
9.05,11.124115896381344,11.13861287540216,11.068271228216494
9.06,11.134182563221163,11.14867954213248,11.078337894646353
9.07,11.144249230057156,11.158746208861395,11.088404561081447
9.08,11.154315896889406,11.168812875588934,11.098471227521658
9.09,11.164382563717997,11.178879542315126,11.108537893966876
9.1,11.174449230543008,11.188946209040004,11.118604560416987
9.11,11.18451589736452,11.199012875763595,11.128671226871884
9.120000000000001,11.194582564182609,11.209079542485927,11.138737893331461
9.13,11.20464923099735,11.219146209207029,11.148804559795616
9.14,11.214715897808821,11.229212875926928,11.158871226264248
9.15,11.22478256461709,11.23927954264565,11.168937892737256
9.16,11.23484923142223,11.249346209363223,11.179004559214544
9.17,11.244915898224308,11.25941287607967,11.189071225696019
9.18,11.254982565023393,11.269479542795017,11.199137892181586
9.19,11.265049231819553,11.279546209509288,11.209204558671155
9.200000000000001,11.275115898612851,11.289612876222506,11.21927122516464
9.21,11.28518256540335,11.299679542934696,11.22933789166195
9.22,11.29524923219111,11.30974620964588,11.239404558163006
9.23,11.305315898976197,11.31981287635608,11.24947122466772
9.24,11.315382565758664,11.329879543065317,11.259537891176015
9.25,11.325449232538572,11.339946209773615,11.26960455768781
9.26,11.335515899315977,11.350012876480992,11.279671224203028
9.27,11.345582566090936,11.360079543187469,11.289737890721593
9.28,11.3556492328635,11.370146209893067,11.299804557243432
9.290000000000001,11.365715899633726,11.380212876597803,11.309871223768472
9.3,11.37578256640166,11.390279543301698,11.319937890296641
9.31,11.385849233167358,11.40034621000477,11.330004556827872
9.32,11.395915899930866,11.410412876707037,11.340071223362095
9.33,11.405982566692234,11.420479543408518,11.350137889899246
9.34,11.41604923345151,11.43054621010923,11.36020455643926
9.35,11.426115900208737,11.440612876809189,11.370271222982074
9.36,11.436182566963964,11.450679543508413,11.380337889527626
9.370000000000001,11.446249233717234,11.460746210206915,11.390404556075854
9.38,11.456315900468589,11.470812876904715,11.400471222626699
9.39,11.466382567218071,11.480879543601826,11.410537889180103
9.4,11.476449233965724,11.490946210298265,11.420604555736011
9.41,11.486515900711586,11.501012876994047,11.430671222294368
9.42,11.496582567455699,11.511079543689183,11.440737888855118
9.43,11.506649234198099,11.52114621038369,11.450804555418209
9.44,11.516715900938825,11.531212877077584,11.46087122198359
9.450000000000001,11.526782567677916,11.541279543770875,11.470937888551209
9.46,11.536849234415405,11.551346210463578,11.481004555121016
9.47,11.546915901151328,11.561412877155705,11.491071221692966
9.48,11.556982567885722,11.57147954384727,11.501137888267008
9.49,11.567049234618619,11.581546210538283,11.511204554843099
9.5,11.577115901350052,11.591612877228759,11.52127122142119
9.51,11.587182568080053,11.601679543918708,11.53133788800124
9.52,11.597249234808654,11.611746210608143,11.541404554583202
9.53,11.607315901535886,11.621812877297074,11.551471221167038
9.540000000000001,11.61738256826178,11.631879543985514,11.561537887752705
9.55,11.627449234986365,11.641946210673472,11.571604554340162
9.56,11.63751590170967,11.65201287736096,11.581671220929369
9.57,11.647582568431721,11.662079544047987,11.591737887520289
9.58,11.65764923515255,11.672146210734565,11.601804554112881
9.59,11.66771590187218,11.682212877420703,11.611871220707112
9.6,11.67778256859064,11.69227954410641,11.621937887302943
9.61,11.687849235307956,11.702346210791697,11.632004553900341
9.620000000000001,11.697915902024153,11.712412877476572,11.64207122049927
9.63,11.707982568739256,11.722479544161045,11.652137887099695
9.64,11.718049235453288,11.732546210845124,11.662204553701585
9.65,11.728115902166273,11.742612877528819,11.672271220304907
9.66,11.738182568878234,11.752679544212137,11.682337886909629
9.67,11.748249235589194,11.762746210895086,11.692404553515718
9.68,11.758315902299175,11.772812877577676,11.702471220123147
9.69,11.7683825690082,11.782879544259915,11.712537886731885
9.700000000000001,11.778449235716288,11.792946210941809,11.722604553341904
9.71,11.788515902423459,11.803012877623367,11.732671219953176
9.72,11.798582569129735,11.813079544304594,11.74273788656567
9.73,11.808649235835135,11.8231462109855,11.752804553179363
9.74,11.818715902539681,11.833212877666092,11.762871219794226
9.75,11.828782569243389,11.843279544346377,11.772937886410235
9.76,11.838849235946277,11.85334621102636,11.783004553027363
9.77,11.848915902648367,11.863412877706049,11.793071219645585
9.78,11.858982569349672,11.873479544385448,11.803137886264878
9.790000000000001,11.869049236050213,11.883546211064568,11.81320455288522
9.8,11.879115902750003,11.893612877743411,11.823271219506584
9.81,11.889182569449062,11.903679544421987,11.83333788612895
9.82,11.899249236147405,11.913746211100298,11.843404552752295
9.83,11.909315902845048,11.923812877778353,11.853471219376598
9.84,11.919382569542007,11.933879544456156,11.863537886001836
9.85,11.929449236238296,11.943946211133712,11.87360455262799
9.86,11.93951590293393,11.954012877811028,11.88367121925504
9.870000000000001,11.949582569628925,11.964079544488108,11.893737885882965
9.88,11.959649236323292,11.974146211164959,11.903804552511746
9.89,11.969715903017049,11.984212877841584,11.913871219141365
9.9,11.979782569710206,11.994279544517989,11.923937885771803
9.91,11.989849236402778,12.004346211194179,11.934004552403042
9.92,11.999915903094777,12.014412877870157,11.944071219035063
9.93,12.009982569786217,12.024479544545931,11.95413788566785
9.94,12.020049236477108,12.034546211221503,11.964204552301386
9.950000000000001,12.030115903167465,12.044612877896878,11.974271218935653
9.96,12.040182569857297,12.05467954457206,11.984337885570637
9.97,12.050249236546618,12.064746211247055,11.994404552206323
9.98,12.060315903235438,12.074812877921866,12.004471218842692
9.99,12.070382569923767,12.084879544596497,12.014537885479731
10.0,12.080449236611619,12.094946211270951,12.024604552117426
